originalName,sample_id,taxonKey,acceptedTaxonKey,voucher,basisOfRecord,occurrenceStatus,kingdom,phylum,class,order,family,genus,specificEpithet,infraspecificEpithet,kingdomKey,phylumKey,classKey,orderKey,familyKey,genusKey,speciesKey,subspeciesKey,taxonRank,taxonomicStatus,iucnRedListCategory,lat_lon,continent,islandGroup,island,country,countryCode,stateProvince,county,municipality,locality,geography,geodeticDatum,coordinateUncertaintyInMeters,date1,year,month,day,lifeStage,recordedBy,elevation,depth,occurrenceSource,occurrenceOrigin,CONTINENT,COUNTRY,AC,ISLAND,MUNICIPALI,TOWN,WB_0,isolate,bp,definition,data_file_division,date,molecule_type,sequence_version,references,genetic_features
Alytes muletensis,AY341621,97955,97955,,,,Metazoa,Chordata,Amphibia,Anura,Alytidae,Alytes,muletensis,,33208,7711,8292,8342,8343,8442,97955,,species,,,,,,,,,,,,,[null],,,,,,,,,,,NCBI,database,,,,,,,,,662,"Alytes muletensis 12S ribosomal RNA and tRNA-Val genes, partial sequence; mitochondrial",VRT,30-JAN-2024,DNA,1,"[{""authors"": ""Vences,M., Vieites,D.R., Glaw,F., Brinkmann,H., Kosuch,J., Veith,M. and Meyer,A."", ""title"": ""Multiple overseas dispersal in amphibians"", ""journal"": ""Proc. Biol. Sci. 270 (1532), 2435-2442 (2003)""}, {""authors"": ""Vences,M., Vieites,D.R., Glaw,F., Brinkmann,H., Kosuch,J., Veith,M. and Meyer,A."", ""title"": ""Direct Submission"", ""journal"": ""Submitted (14-JUL-2003) Institute for Biodiversity and Ecosyst. Dyn., University of Amsterdam, PO Box 94766, Amsterdam 1090 GT, The Netherlands""}]",[]
Alytes muletensis,AY341680,97955,97955,,,,Metazoa,Chordata,Amphibia,Anura,Alytidae,Alytes,muletensis,,33208,7711,8292,8342,8343,8442,97955,,species,,,,,,,,,,,,,[null],,,,,,,,,,,NCBI,database,,,,,,,,,669,"Alytes muletensis 16S ribosomal RNA gene, partial sequence; mitochondrial",VRT,30-JAN-2024,DNA,1,"[{""authors"": ""Vences,M., Vieites,D.R., Glaw,F., Brinkmann,H., Kosuch,J., Veith,M. and Meyer,A."", ""title"": ""Multiple overseas dispersal in amphibians"", ""journal"": ""Proc. R. Soc. Lond., B, Biol. Sci. 270 (1532), 2435-2442 (2003)""}, {""authors"": ""Vences,M., Vieites,D.R., Glaw,F., Brinkmann,H., Kosuch,J., Veith,M. and Meyer,A."", ""title"": ""Direct Submission"", ""journal"": ""Submitted (14-JUL-2003) Institute for Biodiversity and Ecosyst. Dyn., University of Amsterdam, PO Box 94766, Amsterdam 1090 GT, The Netherlands""}]","[{""gene"": null, ""product"": ""16S ribosomal RNA""}]"
Alytes muletensis,AY323781,97955,97955,ZFMK,,,Metazoa,Chordata,Amphibia,Anura,Alytidae,Alytes,muletensis,,33208,7711,8292,8342,8343,8442,97955,,species,,,,,,,,,,,,,[null],,,,,,,,,,,NCBI,database,,,,,,,,,816,"Alytes muletensis voucher ZFMK Rag-2 gene, partial cds",VRT,27-SEP-2017,DNA,1,"[{""authors"": ""Hoegg,S., Vences,M., Brinkmann,H. and Meyer,A."", ""title"": ""Phylogeny and comparative substitution rates of frogs inferred from sequences of three nuclear genes"", ""journal"": ""Mol. Biol. Evol. 21 (7), 1188-1200 (2004)""}, {""authors"": ""Hoegg,S.I., Vences,M., Brinkmann,H. and Meyer,A."", ""title"": ""Direct Submission"", ""journal"": ""Submitted (13-JUN-2003) Department of Biology, University of Konstanz, Universitaetsstr. 10, Konstanz 78457, Germany""}]","[{""gene"": null, ""product"": ""Rag-2""}, {""gene"": null, ""product"": ""Rag-2""}]"
Alytes muletensis,AY323755,97955,97955,ZFMK,,,Metazoa,Chordata,Amphibia,Anura,Alytidae,Alytes,muletensis,,33208,7711,8292,8342,8343,8442,97955,,species,,,,,,,,,,,,,[null],,,,,,,,,,,NCBI,database,,,,,,,,,1487,"Alytes muletensis voucher ZFMK Rag-1 gene, partial cds",VRT,27-SEP-2017,DNA,1,"[{""authors"": ""Hoegg,S., Vences,M., Brinkmann,H. and Meyer,A."", ""title"": ""Phylogeny and comparative substitution rates of frogs inferred from sequences of three nuclear genes"", ""journal"": ""Mol. Biol. Evol. 21 (7), 1188-1200 (2004)""}, {""authors"": ""Hoegg,S.I., Vences,M., Brinkmann,H. and Meyer,A."", ""title"": ""Direct Submission"", ""journal"": ""Submitted (13-JUN-2003) Department of Biology, University of Konstanz, Universitaetsstr. 10, Konstanz 78457, Germany""}]","[{""gene"": null, ""product"": ""Rag-1""}, {""gene"": null, ""product"": ""Rag-1""}]"
Alytes muletensis,AY323731,97955,97955,ZFMK,,,Metazoa,Chordata,Amphibia,Anura,Alytidae,Alytes,muletensis,,33208,7711,8292,8342,8343,8442,97955,,species,,,,,,,,,,,,,[null],,,,,,,,,,,NCBI,database,,,,,,,,,350,"Alytes muletensis voucher ZFMK rhodopsin gene, partial cds",VRT,27-SEP-2017,DNA,1,"[{""authors"": ""Hoegg,S., Vences,M., Brinkmann,H. and Meyer,A."", ""title"": ""Phylogeny and comparative substitution rates of frogs inferred from sequences of three nuclear genes"", ""journal"": ""Mol. Biol. Evol. 21 (7), 1188-1200 (2004)""}, {""authors"": ""Hoegg,S.I., Vences,M., Brinkmann,H. and Meyer,A."", ""title"": ""Direct Submission"", ""journal"": ""Submitted (13-JUN-2003) Department of Biology, University of Konstanz, Universitaetsstr. 10, Konstanz 78457, Germany""}]","[{""gene"": null, ""product"": ""rhodopsin""}, {""gene"": null, ""product"": ""rhodopsin""}]"
Alytes muletensis,AY341747,97955,97955,,,,Metazoa,Chordata,Amphibia,Anura,Alytidae,Alytes,muletensis,,33208,7711,8292,8342,8343,8442,97955,,species,,,,,,,,,,,,,[null],,,,,,,,,,,NCBI,database,,,,,,,,,635,"Alytes muletensis tyrosinase (Tyr) gene, exon 1 and partial cds",VRT,26-JUL-2016,DNA,1,"[{""authors"": ""Vences,M., Vieites,D.R., Glaw,F., Brinkmann,H., Kosuch,J., Veith,M. and Meyer,A."", ""title"": ""Multiple overseas dispersal in amphibians"", ""journal"": ""Proc. R. Soc. Lond., B, Biol. Sci. 270 (1532), 2435-2442 (2003)""}, {""authors"": ""Vences,M., Vieites,D.R., Glaw,F., Brinkmann,H., Kosuch,J., Veith,M. and Meyer,A."", ""title"": ""Direct Submission"", ""journal"": ""Submitted (14-JUL-2003) Institute for Biodiversity and Ecosyst. Dyn., University of Amsterdam, PO Box 94766, Amsterdam 1090 GT, The Netherlands""}]","[{""gene"": ""Tyr"", ""product"": null}, {""gene"": ""Tyr"", ""product"": ""tyrosinase""}, {""gene"": ""Tyr"", ""product"": ""tyrosinase""}, {""gene"": ""Tyr"", ""product"": null}]"
Alytes muletensis,AY341728,97955,97955,,,,Metazoa,Chordata,Amphibia,Anura,Alytidae,Alytes,muletensis,,33208,7711,8292,8342,8343,8442,97955,,species,,,,,,,,,,,,,[null],,,,,,,,,,,NCBI,database,,,,,,,,,615,"Alytes muletensis cytochrome b (Cytb) gene, partial cds; mitochondrial",VRT,26-JUL-2016,DNA,1,"[{""authors"": ""Vences,M., Vieites,D.R., Glaw,F., Brinkmann,H., Kosuch,J., Veith,M. and Meyer,A."", ""title"": ""Multiple overseas dispersal in amphibians"", ""journal"": ""Proc. R. Soc. Lond., B, Biol. Sci. 270 (1532), 2435-2442 (2003)""}, {""authors"": ""Vences,M., Vieites,D.R., Glaw,F., Brinkmann,H., Kosuch,J., Veith,M. and Meyer,A."", ""title"": ""Direct Submission"", ""journal"": ""Submitted (14-JUL-2003) Institute for Biodiversity and Ecosyst. Dyn., University of Amsterdam, PO Box 94766, Amsterdam 1090 GT, The Netherlands""}]","[{""gene"": ""Cytb"", ""product"": null}, {""gene"": ""Cytb"", ""product"": ""cytochrome b""}]"
Alytes muletensis,AF128915,97955,97955,,,,Metazoa,Chordata,Amphibia,Anura,Alytidae,Alytes,muletensis,,33208,7711,8292,8342,8343,8442,97955,,species,,,,,,,,,,,,"Spain,Balearic Islands, Mallorca","[""Spain,Balearic Islands, Mallorca""]",,,,,,,,,,,NCBI,database,,,,,,,,,385,"Alytes muletensis cytochrome b (cytb) gene, partial cds; mitochondrial gene for mitochondrial product",VRT,26-JUL-2016,DNA,1,"[{""authors"": ""Garcia-Paris,M. and Jockusch,E.L."", ""title"": ""A mitochondrial DNA perspective on the evolution of Iberian Discoglossus (Amphibia: Anura)"", ""journal"": ""J. Zool. 248, 209-218 (1999)""}, {""authors"": ""Garcia-Paris,M."", ""title"": ""Direct Submission"", ""journal"": ""Submitted (17-FEB-1999) Museo Nacional de Ciencias Naturales, CSIC, Jose Gutierrez Abascal, 2, Madrid 28006, Spain""}]","[{""gene"": ""cytb"", ""product"": null}, {""gene"": ""cytb"", ""product"": ""cytochrome b""}]"
Alytes muletensis,GU181175,97955,97955,MAI06,,,Metazoa,Chordata,Amphibia,Anura,Alytidae,Alytes,muletensis,,33208,7711,8292,8342,8343,8442,97955,,species,,,,,,,,,,,,"Spain, Mallorca","[""Spain, Mallorca""]",,,,,,,,,,,NCBI,database,,,,,,,,,497,"Alytes muletensis voucher MAI06 ribosomal protein L9 (RPL9) gene, intron 4, exon 4 and partial cds",VRT,25-JUL-2016,DNA,1,"[{""authors"": ""Pinho,C., Rocha,S., Carvalho,B.M., Lopes,S., Mourao,S., Vallinoto,M., Brunes,T.O., Haddad,C.F.B., Goncalves,H., Sequeira,F. and Ferrand,N."", ""title"": ""New primers for the amplification and sequencing of nuclear loci in a taxonomically wide set of reptiles and amphibians"", ""journal"": ""Conserv Genet Resour 2 (1), 181-185 (2010)""}, {""authors"": ""Pinho,C., Rocha,S., Carvalho,B.M., Lopes,S., Mourao,S., Vallinoto,M., Brunes,T.O., Haddad,C.F.B., Goncalves,H., Sequeira,F. and Ferrand,N."", ""title"": ""Direct Submission"", ""journal"": ""Submitted (23-OCT-2009) CIBIO - Centro de Investigacao em Biodiversidade e Recursos Geneticos, Universidade do Porto, Campus Agrario de Vairao, Vairao 4485-661, Portugal""}]","[{""gene"": ""RPL9"", ""product"": null}, {""gene"": ""RPL9"", ""product"": ""ribosomal protein L9""}, {""gene"": ""RPL9"", ""product"": ""ribosomal protein L9""}, {""gene"": ""RPL9"", ""product"": null}, {""gene"": ""RPL9"", ""product"": null}]"
Alytes muletensis,GU181142,97955,97955,MAI06,,,Metazoa,Chordata,Amphibia,Anura,Alytidae,Alytes,muletensis,,33208,7711,8292,8342,8343,8442,97955,,species,,,,,,,,,,,,"Spain, Mallorca","[""Spain, Mallorca""]",,,,,,,,,,,NCBI,database,,,,,,,,,699,"Alytes muletensis voucher MAI06 protein phosphatase 3 catalytic subunit alpha isoform (PPP3CA) gene, intron 4, exon 4 and partial cds",VRT,25-JUL-2016,DNA,1,"[{""authors"": ""Pinho,C., Rocha,S., Carvalho,B.M., Lopes,S., Mourao,S., Vallinoto,M., Brunes,T.O., Haddad,C.F.B., Goncalves,H., Sequeira,F. and Ferrand,N."", ""title"": ""New primers for the amplification and sequencing of nuclear loci in a taxonomically wide set of reptiles and amphibians"", ""journal"": ""Conserv Genet Resour 2 (1), 181-185 (2010)""}, {""authors"": ""Pinho,C., Rocha,S., Carvalho,B.M., Lopes,S., Mourao,S., Vallinoto,M., Brunes,T.O., Haddad,C.F.B., Goncalves,H., Sequeira,F. and Ferrand,N."", ""title"": ""Direct Submission"", ""journal"": ""Submitted (23-OCT-2009) CIBIO - Centro de Investigacao em Biodiversidade e Recursos Geneticos, Universidade do Porto, Campus Agrario de Vairao, Vairao 4485-661, Portugal""}]","[{""gene"": ""PPP3CA"", ""product"": null}, {""gene"": ""PPP3CA"", ""product"": ""protein phosphatase 3 catalytic subunit alpha isoform""}, {""gene"": ""PPP3CA"", ""product"": ""protein phosphatase 3 catalytic subunit alpha isoform""}, {""gene"": ""PPP3CA"", ""product"": null}, {""gene"": ""PPP3CA"", ""product"": null}]"
Alytes muletensis,EF407510,97955,97955,,,,Metazoa,Chordata,Amphibia,Anura,Alytidae,Alytes,muletensis,,33208,7711,8292,8342,8343,8442,97955,,species,,,,,,,,,,,,,[null],,,,,,,,,,,NCBI,database,,,,,,,,,689,"Alytes muletensis BDNF gene, partial cds",VRT,23-JUL-2016,DNA,1,"[{""authors"": ""van der Meijden,A., Vences,M., Hoegg,S., Boistel,R., Channing,A. and Meyer,A."", ""title"": ""Nuclear gene phylogeny of narrow-mouthed toads (Family: Microhylidae) and a discussion of competing hypotheses concerning their biogeographical origins"", ""journal"": ""Mol. Phylogenet. Evol. 44 (3), 1017-1030 (2007)""}, {""authors"": ""van der Meijden,A., Vences,M., Hoegg,S., Boistel,R., Channing,A. and Meyer,A."", ""title"": ""Direct Submission"", ""journal"": ""Submitted (29-JAN-2007) Department of Biology, University of Konstanz, Universitaetsstrasse 10, Konstanz 78457, Germany""}]","[{""gene"": null, ""product"": ""BDNF""}, {""gene"": null, ""product"": ""BDNF""}]"
Alytes muletensis,EF441310,97955,97955,MAI06,,,Metazoa,Chordata,Amphibia,Anura,Alytidae,Alytes,muletensis,,33208,7711,8292,8342,8343,8442,97955,,species,,,,,,,,,,,,,[null],,,,,,,,,,,NCBI,database,,,,,,,,,763,"Alytes muletensis voucher MAI06 NADH dehydrogenase subunit 4 (ND4) gene, partial cds; mitochondrial",VRT,14-JUL-2016,DNA,1,"[{""authors"": ""Goncalves,H., Martinez-Solano,I., Ferrand,N. and Garcia-Paris,M."", ""title"": ""Conflicting phylogenetic signal of nuclear vs mitochondrial DNA markers in midwife toads (Anura, Discoglossidae, Alytes): deep coalescence or ancestral hybridization?"", ""journal"": ""Mol. Phylogenet. Evol. 44 (1), 494-500 (2007)""}, {""authors"": ""Goncalves,H., Martinez-Solano,I., Ferrand,N. and Garcia-Paris,M."", ""title"": ""Direct Submission"", ""journal"": ""Submitted (15-FEB-2007) Universidade do Porto, Centro de Investigacao em Biodiversidade e Recursos Geneticos, Campus Agrario de Vairao, Vairao 4485-661, Portugal""}]","[{""gene"": ""ND4"", ""product"": null}, {""gene"": ""ND4"", ""product"": ""NADH dehydrogenase subunit 4""}]"
Alytes muletensis,KT363309,97955,97955,,,,Metazoa,Chordata,Amphibia,Anura,Alytidae,Alytes,muletensis,,33208,7711,8292,8342,8343,8442,97955,,species,,,,,,,,,,,,,[null],,,,,,,,,,,NCBI,database,,,,,,,,IMS3517,813,"Alytes muletensis isolate IMS3517 NADH dehydrogenase subunit 4 (ND4) gene, partial cds; tRNA-His gene, complete sequence; and tRNA-Ser gene, partial sequence; mitochondrial",VRT,08-SEP-2015,DNA,1,"[{""authors"": ""Goncalves,H., Maia-Carvalho,B., Sousa-Neves,T., Garcia-Paris,M., Sequeira,F., Ferrand,N. and Martinez-Solano,I."", ""title"": ""Multilocus phylogeography of the common midwife toad, Alytes obstetricans (Anura, Alytidae): Contrasting patterns of lineage diversification and genetic structure in the Iberian refugium"", ""journal"": ""Mol. Phylogenet. Evol. (2015) In press""}, {""authors"": ""Goncalves,H., Maia-Carvalho,B., Sousa-Neves,T., Garcia-Paris,M., Sequeira,F., Ferrand,N. and Martinez-Solano,I."", ""title"": ""Direct Submission"", ""journal"": ""Submitted (05-AUG-2015) Research Centre in Biodiversity and Genetic Resources, CIBIO - InBIO, Universidade do Porto, Campus Agrario de Vairao, Vairao, Porto 4485-661, Portugal""}]","[{""gene"": ""ND4"", ""product"": null}, {""gene"": ""ND4"", ""product"": ""NADH dehydrogenase subunit 4""}, {""gene"": null, ""product"": ""tRNA-His""}, {""gene"": null, ""product"": ""tRNA-Ser""}]"
Alytes muletensis,KJ858969,97955,97955,,,,Metazoa,Chordata,Amphibia,Anura,Alytidae,Alytes,muletensis,,33208,7711,8292,8342,8343,8442,97955,,species,,,,,,,,,,,,,[null],,,,,,,,,,,NCBI,database,,,,,,,,CAP01,814,"Alytes muletensis isolate CAP01 NADH dehydrogenase subunit 4 (ND4) gene, partial cds; tRNA-His gene, complete sequence; and tRNA-Ser gene, partial sequence; mitochondrial",VRT,16-JUL-2014,DNA,1,"[{""authors"": ""Maia-Carvalho,B., Goncalves,H., Ferrand,N. and Martinez-Solano,I."", ""title"": ""Multilocus assessment of phylogenetic relationships in Alytes (Anura, Alytidae)"", ""journal"": ""Mol. Phylogenet. Evol. (2014) In press""}, {""authors"": ""Maia-Carvalho,B., Goncalves,H., Ferrand,N. and Martinez-Solano,I."", ""title"": ""Direct Submission"", ""journal"": ""Submitted (12-MAY-2014) Centro de Investigacao em Biodiversidade e Recursos Geneticos da Universidade do Porto - CIBIO, Campus Agrario de Vairao, Vairao, Porto 4485-661, Portugal""}]","[{""gene"": ""ND4"", ""product"": null}, {""gene"": ""ND4"", ""product"": ""NADH dehydrogenase subunit 4""}, {""gene"": null, ""product"": ""tRNA-His""}, {""gene"": null, ""product"": ""tRNA-Ser""}]"
Alytes muletensis,KJ859061,97955,97955,,,,Metazoa,Chordata,Amphibia,Anura,Alytidae,Alytes,muletensis,,33208,7711,8292,8342,8343,8442,97955,,species,,,,,,,,,,,,,[null],,,,,,,,,,,NCBI,database,,,,,,,,CAP01b,447,"Alytes muletensis isolate CAP01b ribosomal protein L9 (RPL9) gene, exon 4 and partial cds",VRT,16-JUL-2014,DNA,1,"[{""authors"": ""Maia-Carvalho,B., Goncalves,H., Ferrand,N. and Martinez-Solano,I."", ""title"": ""Multilocus assessment of phylogenetic relationships in Alytes (Anura, Alytidae)"", ""journal"": ""Mol. Phylogenet. Evol. (2014) In press""}, {""authors"": ""Maia-Carvalho,B., Goncalves,H., Ferrand,N. and Martinez-Solano,I."", ""title"": ""Direct Submission"", ""journal"": ""Submitted (15-MAY-2014) Centro de Investigacao em Biodiversidade e Recursos Geneticos da Universidade do Porto - CIBIO, Campus Agrario de Vairao, Vairao, Porto 4485-661, Portugal""}]","[{""gene"": ""RPL9"", ""product"": null}, {""gene"": ""RPL9"", ""product"": ""ribosomal protein L9""}, {""gene"": ""RPL9"", ""product"": ""ribosomal protein L9""}, {""gene"": ""RPL9"", ""product"": null}, {""gene"": ""RPL9"", ""product"": null}]"
Alytes muletensis,KJ859060,97955,97955,,,,Metazoa,Chordata,Amphibia,Anura,Alytidae,Alytes,muletensis,,33208,7711,8292,8342,8343,8442,97955,,species,,,,,,,,,,,,,[null],,,,,,,,,,,NCBI,database,,,,,,,,CAP01a,458,"Alytes muletensis isolate CAP01a ribosomal protein L9 (RPL9) gene, exon 4 and partial cds",VRT,16-JUL-2014,DNA,1,"[{""authors"": ""Maia-Carvalho,B., Goncalves,H., Ferrand,N. and Martinez-Solano,I."", ""title"": ""Multilocus assessment of phylogenetic relationships in Alytes (Anura, Alytidae)"", ""journal"": ""Mol. Phylogenet. Evol. (2014) In press""}, {""authors"": ""Maia-Carvalho,B., Goncalves,H., Ferrand,N. and Martinez-Solano,I."", ""title"": ""Direct Submission"", ""journal"": ""Submitted (15-MAY-2014) Centro de Investigacao em Biodiversidade e Recursos Geneticos da Universidade do Porto - CIBIO, Campus Agrario de Vairao, Vairao, Porto 4485-661, Portugal""}]","[{""gene"": ""RPL9"", ""product"": null}, {""gene"": ""RPL9"", ""product"": ""ribosomal protein L9""}, {""gene"": ""RPL9"", ""product"": ""ribosomal protein L9""}, {""gene"": ""RPL9"", ""product"": null}, {""gene"": ""RPL9"", ""product"": null}]"
Alytes muletensis,KJ859046,97955,97955,,,,Metazoa,Chordata,Amphibia,Anura,Alytidae,Alytes,muletensis,,33208,7711,8292,8342,8343,8442,97955,,species,,,,,,,,,,,,,[null],,,,,,,,,,,NCBI,database,,,,,,,,CAP01,696,"Alytes muletensis isolate CAP01 protein phosphatase 3 catalytic subunit alpha isoform (PPP3CA) gene, exon 4 and partial cds",VRT,16-JUL-2014,DNA,1,"[{""authors"": ""Maia-Carvalho,B., Goncalves,H., Ferrand,N. and Martinez-Solano,I."", ""title"": ""Multilocus assessment of phylogenetic relationships in Alytes (Anura, Alytidae)"", ""journal"": ""Mol. Phylogenet. Evol. (2014) In press""}, {""authors"": ""Maia-Carvalho,B., Goncalves,H., Ferrand,N. and Martinez-Solano,I."", ""title"": ""Direct Submission"", ""journal"": ""Submitted (15-MAY-2014) Centro de Investigacao em Biodiversidade e Recursos Geneticos da Universidade do Porto - CIBIO, Campus Agrario de Vairao, Vairao, Porto 4485-661, Portugal""}]","[{""gene"": ""PPP3CA"", ""product"": null}, {""gene"": ""PPP3CA"", ""product"": ""protein phosphatase 3 catalytic subunit alpha isoform""}, {""gene"": ""PPP3CA"", ""product"": ""protein phosphatase 3 catalytic subunit alpha isoform""}, {""gene"": ""PPP3CA"", ""product"": null}, {""gene"": ""PPP3CA"", ""product"": null}]"
Alytes muletensis,KJ859029,97955,97955,,,,Metazoa,Chordata,Amphibia,Anura,Alytidae,Alytes,muletensis,,33208,7711,8292,8342,8343,8442,97955,,species,,,,,,,,,,,,,[null],,,,,,,,,,,NCBI,database,,,,,,,,MAI06,1292,"Alytes muletensis isolate MAI06 cellular myelocytomatosis (c-myc) gene, exons 2, 3 and partial cds",VRT,16-JUL-2014,DNA,1,"[{""authors"": ""Maia-Carvalho,B., Goncalves,H., Ferrand,N. and Martinez-Solano,I."", ""title"": ""Multilocus assessment of phylogenetic relationships in Alytes (Anura, Alytidae)"", ""journal"": ""Mol. Phylogenet. Evol. (2014) In press""}, {""authors"": ""Maia-Carvalho,B., Goncalves,H., Ferrand,N. and Martinez-Solano,I."", ""title"": ""Direct Submission"", ""journal"": ""Submitted (19-MAY-2014) Centro de Investigacao em Biodiversidade e Recursos Geneticos da Universidade do Porto - CIBIO, Campus Agrario de Vairao, Vairao, Porto 4485-661, Portugal""}]","[{""gene"": ""c-myc"", ""product"": null}, {""gene"": ""c-myc"", ""product"": ""cellular myelocytomatosis""}, {""gene"": ""c-myc"", ""product"": ""cellular myelocytomatosis""}, {""gene"": ""c-myc"", ""product"": null}, {""gene"": ""c-myc"", ""product"": null}, {""gene"": ""c-myc"", ""product"": null}]"
Alytes muletensis,KJ859028,97955,97955,,,,Metazoa,Chordata,Amphibia,Anura,Alytidae,Alytes,muletensis,,33208,7711,8292,8342,8343,8442,97955,,species,,,,,,,,,,,,,[null],,,,,,,,,,,NCBI,database,,,,,,,,CAP01,1288,"Alytes muletensis isolate CAP01 cellular myelocytomatosis (c-myc) gene, exons 2, 3 and partial cds",VRT,16-JUL-2014,DNA,1,"[{""authors"": ""Maia-Carvalho,B., Goncalves,H., Ferrand,N. and Martinez-Solano,I."", ""title"": ""Multilocus assessment of phylogenetic relationships in Alytes (Anura, Alytidae)"", ""journal"": ""Mol. Phylogenet. Evol. (2014) In press""}, {""authors"": ""Maia-Carvalho,B., Goncalves,H., Ferrand,N. and Martinez-Solano,I."", ""title"": ""Direct Submission"", ""journal"": ""Submitted (19-MAY-2014) Centro de Investigacao em Biodiversidade e Recursos Geneticos da Universidade do Porto - CIBIO, Campus Agrario de Vairao, Vairao, Porto 4485-661, Portugal""}]","[{""gene"": ""c-myc"", ""product"": null}, {""gene"": ""c-myc"", ""product"": ""cellular myelocytomatosis""}, {""gene"": ""c-myc"", ""product"": ""cellular myelocytomatosis""}, {""gene"": ""c-myc"", ""product"": null}, {""gene"": ""c-myc"", ""product"": null}, {""gene"": ""c-myc"", ""product"": null}]"
Alytes muletensis,KJ859027,97955,97955,,,,Metazoa,Chordata,Amphibia,Anura,Alytidae,Alytes,muletensis,,33208,7711,8292,8342,8343,8442,97955,,species,,,,,,,,,,,,,[null],,,,,,,,,,,NCBI,database,,,,,,,,Aly120D,1295,"Alytes muletensis isolate Aly120D cellular myelocytomatosis (c-myc) gene, exons 2, 3 and partial cds",VRT,16-JUL-2014,DNA,1,"[{""authors"": ""Maia-Carvalho,B., Goncalves,H., Ferrand,N. and Martinez-Solano,I."", ""title"": ""Multilocus assessment of phylogenetic relationships in Alytes (Anura, Alytidae)"", ""journal"": ""Mol. Phylogenet. Evol. (2014) In press""}, {""authors"": ""Maia-Carvalho,B., Goncalves,H., Ferrand,N. and Martinez-Solano,I."", ""title"": ""Direct Submission"", ""journal"": ""Submitted (19-MAY-2014) Centro de Investigacao em Biodiversidade e Recursos Geneticos da Universidade do Porto - CIBIO, Campus Agrario de Vairao, Vairao, Porto 4485-661, Portugal""}]","[{""gene"": ""c-myc"", ""product"": null}, {""gene"": ""c-myc"", ""product"": ""cellular myelocytomatosis""}, {""gene"": ""c-myc"", ""product"": ""cellular myelocytomatosis""}, {""gene"": ""c-myc"", ""product"": null}, {""gene"": ""c-myc"", ""product"": null}, {""gene"": ""c-myc"", ""product"": null}]"
Alytes muletensis,KJ859003,97955,97955,,,,Metazoa,Chordata,Amphibia,Anura,Alytidae,Alytes,muletensis,,33208,7711,8292,8342,8343,8442,97955,,species,,,,,,,,,,,,,[null],,,,,,,,,,,NCBI,database,,,,,,,,AM02,652,"Alytes muletensis isolate AM02 NADH dehydrogenase subunit 5 (ND5) gene, partial cds; NADH dehydrogenase subunit 6 (ND6) gene, complete cds; and tRNA-Glu gene, partial sequence; mitochondrial",VRT,16-JUL-2014,DNA,1,"[{""authors"": ""Maia-Carvalho,B., Goncalves,H., Ferrand,N. and Martinez-Solano,I."", ""title"": ""Multilocus assessment of phylogenetic relationships in Alytes (Anura, Alytidae)"", ""journal"": ""Mol. Phylogenet. Evol. (2014) In press""}, {""authors"": ""Maia-Carvalho,B., Goncalves,H., Ferrand,N. and Martinez-Solano,I."", ""title"": ""Direct Submission"", ""journal"": ""Submitted (12-MAY-2014) Centro de Investigacao em Biodiversidade e Recursos Geneticos da Universidade do Porto - CIBIO, Campus Agrario de Vairao, Vairao, Porto 4485-661, Portugal""}]","[{""gene"": ""ND5"", ""product"": null}, {""gene"": ""ND5"", ""product"": ""NADH dehydrogenase subunit 5""}, {""gene"": ""ND6"", ""product"": null}, {""gene"": ""ND6"", ""product"": ""NADH dehydrogenase subunit 6""}, {""gene"": null, ""product"": ""tRNA-Glu""}]"
Alytes muletensis,KJ859002,97955,97955,,,,Metazoa,Chordata,Amphibia,Anura,Alytidae,Alytes,muletensis,,33208,7711,8292,8342,8343,8442,97955,,species,,,,,,,,,,,,,[null],,,,,,,,,,,NCBI,database,,,,,,,,CAP01,652,"Alytes muletensis isolate CAP01 NADH dehydrogenase subunit 5 (ND5) gene, partial cds; NADH dehydrogenase subunit 6 (ND6) gene, complete cds; and tRNA-Glu gene, partial sequence; mitochondrial",VRT,16-JUL-2014,DNA,1,"[{""authors"": ""Maia-Carvalho,B., Goncalves,H., Ferrand,N. and Martinez-Solano,I."", ""title"": ""Multilocus assessment of phylogenetic relationships in Alytes (Anura, Alytidae)"", ""journal"": ""Mol. Phylogenet. Evol. (2014) In press""}, {""authors"": ""Maia-Carvalho,B., Goncalves,H., Ferrand,N. and Martinez-Solano,I."", ""title"": ""Direct Submission"", ""journal"": ""Submitted (12-MAY-2014) Centro de Investigacao em Biodiversidade e Recursos Geneticos da Universidade do Porto - CIBIO, Campus Agrario de Vairao, Vairao, Porto 4485-661, Portugal""}]","[{""gene"": ""ND5"", ""product"": null}, {""gene"": ""ND5"", ""product"": ""NADH dehydrogenase subunit 5""}, {""gene"": ""ND6"", ""product"": null}, {""gene"": ""ND6"", ""product"": ""NADH dehydrogenase subunit 6""}, {""gene"": null, ""product"": ""tRNA-Glu""}]"
Alytes muletensis,KJ858985,97955,97955,,,,Metazoa,Chordata,Amphibia,Anura,Alytidae,Alytes,muletensis,,33208,7711,8292,8342,8343,8442,97955,,species,,,,,,,,,,,,,[null],,,,,,,,,,,NCBI,database,,,,,,,,AM02,1074,"Alytes muletensis isolate AM02 NADH dehydrogenase subunit 5 (ND5) gene, partial cds; mitochondrial",VRT,16-JUL-2014,DNA,1,"[{""authors"": ""Maia-Carvalho,B., Goncalves,H., Ferrand,N. and Martinez-Solano,I."", ""title"": ""Multilocus assessment of phylogenetic relationships in Alytes (Anura, Alytidae)"", ""journal"": ""Mol. Phylogenet. Evol. (2014) In press""}, {""authors"": ""Maia-Carvalho,B., Goncalves,H., Ferrand,N. and Martinez-Solano,I."", ""title"": ""Direct Submission"", ""journal"": ""Submitted (12-MAY-2014) Centro de Investigacao em Biodiversidade e Recursos Geneticos da Universidade do Porto - CIBIO, Campus Agrario de Vairao, Vairao, Porto 4485-661, Portugal""}]","[{""gene"": ""ND5"", ""product"": null}, {""gene"": ""ND5"", ""product"": ""NADH dehydrogenase subunit 5""}]"
Alytes muletensis,KJ858984,97955,97955,,,,Metazoa,Chordata,Amphibia,Anura,Alytidae,Alytes,muletensis,,33208,7711,8292,8342,8343,8442,97955,,species,,,,,,,,,,,,,[null],,,,,,,,,,,NCBI,database,,,,,,,,CAP01,1074,"Alytes muletensis isolate CAP01 NADH dehydrogenase subunit 5 (ND5) gene, partial cds; mitochondrial",VRT,16-JUL-2014,DNA,1,"[{""authors"": ""Maia-Carvalho,B., Goncalves,H., Ferrand,N. and Martinez-Solano,I."", ""title"": ""Multilocus assessment of phylogenetic relationships in Alytes (Anura, Alytidae)"", ""journal"": ""Mol. Phylogenet. Evol. (2014) In press""}, {""authors"": ""Maia-Carvalho,B., Goncalves,H., Ferrand,N. and Martinez-Solano,I."", ""title"": ""Direct Submission"", ""journal"": ""Submitted (12-MAY-2014) Centro de Investigacao em Biodiversidade e Recursos Geneticos da Universidade do Porto - CIBIO, Campus Agrario de Vairao, Vairao, Porto 4485-661, Portugal""}]","[{""gene"": ""ND5"", ""product"": null}, {""gene"": ""ND5"", ""product"": ""NADH dehydrogenase subunit 5""}]"
Alytes muletensis,KJ858962,97955,97955,,,,Metazoa,Chordata,Amphibia,Anura,Alytidae,Alytes,muletensis,,33208,7711,8292,8342,8343,8442,97955,,species,,,,,,,,,,,,,[null],,,,,,,,,,,NCBI,database,,,,,,,,AM02,547,"Alytes muletensis isolate AM02 NADH dehydrogenase subunit 3 (ND3) gene, partial cds; tRNA-Arg gene, complete sequence; and NADH dehydrogenase subunit 4L (ND4L) gene, partial cds; mitochondrial",VRT,16-JUL-2014,DNA,1,"[{""authors"": ""Maia-Carvalho,B., Goncalves,H., Ferrand,N. and Martinez-Solano,I."", ""title"": ""Multilocus assessment of phylogenetic relationships in Alytes (Anura, Alytidae)"", ""journal"": ""Mol. Phylogenet. Evol. (2014) In press""}, {""authors"": ""Maia-Carvalho,B., Goncalves,H., Ferrand,N. and Martinez-Solano,I."", ""title"": ""Direct Submission"", ""journal"": ""Submitted (12-MAY-2014) Centro de Investigacao em Biodiversidade e Recursos Geneticos da Universidade do Porto - CIBIO, Campus Agrario de Vairao, Vairao, Porto 4485-661, Portugal""}]","[{""gene"": ""ND3"", ""product"": null}, {""gene"": ""ND3"", ""product"": ""NADH dehydrogenase subunit 3""}, {""gene"": null, ""product"": ""tRNA-Arg""}, {""gene"": ""ND4L"", ""product"": null}, {""gene"": ""ND4L"", ""product"": ""NADH dehydrogenase subunit 4L""}]"
Alytes muletensis,KJ858961,97955,97955,,,,Metazoa,Chordata,Amphibia,Anura,Alytidae,Alytes,muletensis,,33208,7711,8292,8342,8343,8442,97955,,species,,,,,,,,,,,,,[null],,,,,,,,,,,NCBI,database,,,,,,,,CAP01,547,"Alytes muletensis isolate CAP01 NADH dehydrogenase subunit 3 (ND3) gene, partial cds; tRNA-Arg gene, complete sequence; and NADH dehydrogenase subunit 4L (ND4L) gene, partial cds; mitochondrial",VRT,16-JUL-2014,DNA,1,"[{""authors"": ""Maia-Carvalho,B., Goncalves,H., Ferrand,N. and Martinez-Solano,I."", ""title"": ""Multilocus assessment of phylogenetic relationships in Alytes (Anura, Alytidae)"", ""journal"": ""Mol. Phylogenet. Evol. (2014) In press""}, {""authors"": ""Maia-Carvalho,B., Goncalves,H., Ferrand,N. and Martinez-Solano,I."", ""title"": ""Direct Submission"", ""journal"": ""Submitted (12-MAY-2014) Centro de Investigacao em Biodiversidade e Recursos Geneticos da Universidade do Porto - CIBIO, Campus Agrario de Vairao, Vairao, Porto 4485-661, Portugal""}]","[{""gene"": ""ND3"", ""product"": null}, {""gene"": ""ND3"", ""product"": ""NADH dehydrogenase subunit 3""}, {""gene"": null, ""product"": ""tRNA-Arg""}, {""gene"": ""ND4L"", ""product"": null}, {""gene"": ""ND4L"", ""product"": ""NADH dehydrogenase subunit 4L""}]"
Alytes muletensis,KJ858944,97955,97955,,,,Metazoa,Chordata,Amphibia,Anura,Alytidae,Alytes,muletensis,,33208,7711,8292,8342,8343,8442,97955,,species,,,,,,,,,,,,,[null],,,,,,,,,,,NCBI,database,,,,,,,,AM02,583,"Alytes muletensis isolate AM02 cytochrome c oxidase subunit III (COX3) gene, partial cds; mitochondrial",VRT,16-JUL-2014,DNA,1,"[{""authors"": ""Maia-Carvalho,B., Goncalves,H., Ferrand,N. and Martinez-Solano,I."", ""title"": ""Multilocus assessment of phylogenetic relationships in Alytes (Anura, Alytidae)"", ""journal"": ""Mol. Phylogenet. Evol. (2014) In press""}, {""authors"": ""Maia-Carvalho,B., Goncalves,H., Ferrand,N. and Martinez-Solano,I."", ""title"": ""Direct Submission"", ""journal"": ""Submitted (12-MAY-2014) Centro de Investigacao em Biodiversidade e Recursos Geneticos da Universidade do Porto - CIBIO, Campus Agrario de Vairao, Vairao, Porto 4485-661, Portugal""}]","[{""gene"": ""COX3"", ""product"": null}, {""gene"": ""COX3"", ""product"": ""cytochrome c oxidase subunit III""}]"
Alytes muletensis,KJ858943,97955,97955,,,,Metazoa,Chordata,Amphibia,Anura,Alytidae,Alytes,muletensis,,33208,7711,8292,8342,8343,8442,97955,,species,,,,,,,,,,,,,[null],,,,,,,,,,,NCBI,database,,,,,,,,CAP01,583,"Alytes muletensis isolate CAP01 cytochrome c oxidase subunit III (COX3) gene, partial cds; mitochondrial",VRT,16-JUL-2014,DNA,1,"[{""authors"": ""Maia-Carvalho,B., Goncalves,H., Ferrand,N. and Martinez-Solano,I."", ""title"": ""Multilocus assessment of phylogenetic relationships in Alytes (Anura, Alytidae)"", ""journal"": ""Mol. Phylogenet. Evol. (2014) In press""}, {""authors"": ""Maia-Carvalho,B., Goncalves,H., Ferrand,N. and Martinez-Solano,I."", ""title"": ""Direct Submission"", ""journal"": ""Submitted (12-MAY-2014) Centro de Investigacao em Biodiversidade e Recursos Geneticos da Universidade do Porto - CIBIO, Campus Agrario de Vairao, Vairao, Porto 4485-661, Portugal""}]","[{""gene"": ""COX3"", ""product"": null}, {""gene"": ""COX3"", ""product"": ""cytochrome c oxidase subunit III""}]"
Alytes muletensis,KJ858926,97955,97955,,,,Metazoa,Chordata,Amphibia,Anura,Alytidae,Alytes,muletensis,,33208,7711,8292,8342,8343,8442,97955,,species,,,,,,,,,,,,,[null],,,,,,,,,,,NCBI,database,,,,,,,,MAI06,502,"Alytes muletensis isolate MAI06 ATP synthase F0 subunit 6 (ATP6) and cytochrome c oxidase subunit III (COX3) genes, partial cds; mitochondrial",VRT,16-JUL-2014,DNA,1,"[{""authors"": ""Maia-Carvalho,B., Goncalves,H., Ferrand,N. and Martinez-Solano,I."", ""title"": ""Multilocus assessment of phylogenetic relationships in Alytes (Anura, Alytidae)"", ""journal"": ""Mol. Phylogenet. Evol. (2014) In press""}, {""authors"": ""Maia-Carvalho,B., Goncalves,H., Ferrand,N. and Martinez-Solano,I."", ""title"": ""Direct Submission"", ""journal"": ""Submitted (12-MAY-2014) Centro de Investigacao em Biodiversidade e Recursos Geneticos da Universidade do Porto - CIBIO, Campus Agrario de Vairao, Vairao, Porto 4485-661, Portugal""}]","[{""gene"": ""ATP6"", ""product"": null}, {""gene"": ""ATP6"", ""product"": ""ATP synthase F0 subunit 6""}, {""gene"": ""COX3"", ""product"": null}, {""gene"": ""COX3"", ""product"": ""cytochrome c oxidase subunit III""}]"
Alytes muletensis,KJ858925,97955,97955,,,,Metazoa,Chordata,Amphibia,Anura,Alytidae,Alytes,muletensis,,33208,7711,8292,8342,8343,8442,97955,,species,,,,,,,,,,,,,[null],,,,,,,,,,,NCBI,database,,,,,,,,CAP01,502,"Alytes muletensis isolate CAP01 ATP synthase F0 subunit 6 (ATP6) and cytochrome c oxidase subunit III (COX3) genes, partial cds; mitochondrial",VRT,16-JUL-2014,DNA,1,"[{""authors"": ""Maia-Carvalho,B., Goncalves,H., Ferrand,N. and Martinez-Solano,I."", ""title"": ""Multilocus assessment of phylogenetic relationships in Alytes (Anura, Alytidae)"", ""journal"": ""Mol. Phylogenet. Evol. (2014) In press""}, {""authors"": ""Maia-Carvalho,B., Goncalves,H., Ferrand,N. and Martinez-Solano,I."", ""title"": ""Direct Submission"", ""journal"": ""Submitted (12-MAY-2014) Centro de Investigacao em Biodiversidade e Recursos Geneticos da Universidade do Porto - CIBIO, Campus Agrario de Vairao, Vairao, Porto 4485-661, Portugal""}]","[{""gene"": ""ATP6"", ""product"": null}, {""gene"": ""ATP6"", ""product"": ""ATP synthase F0 subunit 6""}, {""gene"": ""COX3"", ""product"": null}, {""gene"": ""COX3"", ""product"": ""cytochrome c oxidase subunit III""}]"
Alytes muletensis,KJ858908,97955,97955,,,,Metazoa,Chordata,Amphibia,Anura,Alytidae,Alytes,muletensis,,33208,7711,8292,8342,8343,8442,97955,,species,,,,,,,,,,,,,[null],,,,,,,,,,,NCBI,database,,,,,,,,AM02,688,"Alytes muletensis isolate AM02 tRNA-Ser gene, partial sequence; tRNA-Asp gene, complete sequence; and cytochrome c oxidase subunit II (COX2) gene, partial cds; mitochondrial",VRT,16-JUL-2014,DNA,1,"[{""authors"": ""Maia-Carvalho,B., Goncalves,H., Ferrand,N. and Martinez-Solano,I."", ""title"": ""Multilocus assessment of phylogenetic relationships in Alytes (Anura, Alytidae)"", ""journal"": ""Mol. Phylogenet. Evol. (2014) In press""}, {""authors"": ""Maia-Carvalho,B., Goncalves,H., Ferrand,N. and Martinez-Solano,I."", ""title"": ""Direct Submission"", ""journal"": ""Submitted (12-MAY-2014) Centro de Investigacao em Biodiversidade e Recursos Geneticos da Universidade do Porto - CIBIO, Campus Agrario de Vairao, Vairao, Porto 4485-661, Portugal""}]","[{""gene"": null, ""product"": ""tRNA-Ser""}, {""gene"": null, ""product"": ""tRNA-Asp""}, {""gene"": ""COX2"", ""product"": null}, {""gene"": ""COX2"", ""product"": ""cytochrome c oxidase subunit II""}]"
Alytes muletensis,KJ858907,97955,97955,,,,Metazoa,Chordata,Amphibia,Anura,Alytidae,Alytes,muletensis,,33208,7711,8292,8342,8343,8442,97955,,species,,,,,,,,,,,,,[null],,,,,,,,,,,NCBI,database,,,,,,,,CAP01,688,"Alytes muletensis isolate CAP01 tRNA-Ser gene, partial sequence; tRNA-Asp gene, complete sequence; and cytochrome c oxidase subunit II (COX2) gene, partial cds; mitochondrial",VRT,16-JUL-2014,DNA,1,"[{""authors"": ""Maia-Carvalho,B., Goncalves,H., Ferrand,N. and Martinez-Solano,I."", ""title"": ""Multilocus assessment of phylogenetic relationships in Alytes (Anura, Alytidae)"", ""journal"": ""Mol. Phylogenet. Evol. (2014) In press""}, {""authors"": ""Maia-Carvalho,B., Goncalves,H., Ferrand,N. and Martinez-Solano,I."", ""title"": ""Direct Submission"", ""journal"": ""Submitted (12-MAY-2014) Centro de Investigacao em Biodiversidade e Recursos Geneticos da Universidade do Porto - CIBIO, Campus Agrario de Vairao, Vairao, Porto 4485-661, Portugal""}]","[{""gene"": null, ""product"": ""tRNA-Ser""}, {""gene"": null, ""product"": ""tRNA-Asp""}, {""gene"": ""COX2"", ""product"": null}, {""gene"": ""COX2"", ""product"": ""cytochrome c oxidase subunit II""}]"
Alytes muletensis,KJ858890,97955,97955,,,,Metazoa,Chordata,Amphibia,Anura,Alytidae,Alytes,muletensis,,33208,7711,8292,8342,8343,8442,97955,,species,,,,,,,,,,,,,[null],,,,,,,,,,,NCBI,database,,,,,,,,MAI06,383,"Alytes muletensis isolate MAI06 cytochrome c oxidase subunit I (COX1) gene, partial cds; and tRNA-Ser gene, partial sequence; mitochondrial",VRT,16-JUL-2014,DNA,1,"[{""authors"": ""Maia-Carvalho,B., Goncalves,H., Ferrand,N. and Martinez-Solano,I."", ""title"": ""Multilocus assessment of phylogenetic relationships in Alytes (Anura, Alytidae)"", ""journal"": ""Mol. Phylogenet. Evol. (2014) In press""}, {""authors"": ""Maia-Carvalho,B., Goncalves,H., Ferrand,N. and Martinez-Solano,I."", ""title"": ""Direct Submission"", ""journal"": ""Submitted (12-MAY-2014) Centro de Investigacao em Biodiversidade e Recursos Geneticos da Universidade do Porto - CIBIO, Campus Agrario de Vairao, Vairao, Porto 4485-661, Portugal""}]","[{""gene"": ""COX1"", ""product"": null}, {""gene"": ""COX1"", ""product"": ""cytochrome c oxidase subunit I""}, {""gene"": null, ""product"": ""tRNA-Ser""}]"
Alytes muletensis,KJ858889,97955,97955,,,,Metazoa,Chordata,Amphibia,Anura,Alytidae,Alytes,muletensis,,33208,7711,8292,8342,8343,8442,97955,,species,,,,,,,,,,,,,[null],,,,,,,,,,,NCBI,database,,,,,,,,CAP01,383,"Alytes muletensis isolate CAP01 cytochrome c oxidase subunit I (COX1) gene, partial cds; and tRNA-Ser gene, partial sequence; mitochondrial",VRT,16-JUL-2014,DNA,1,"[{""authors"": ""Maia-Carvalho,B., Goncalves,H., Ferrand,N. and Martinez-Solano,I."", ""title"": ""Multilocus assessment of phylogenetic relationships in Alytes (Anura, Alytidae)"", ""journal"": ""Mol. Phylogenet. Evol. (2014) In press""}, {""authors"": ""Maia-Carvalho,B., Goncalves,H., Ferrand,N. and Martinez-Solano,I."", ""title"": ""Direct Submission"", ""journal"": ""Submitted (12-MAY-2014) Centro de Investigacao em Biodiversidade e Recursos Geneticos da Universidade do Porto - CIBIO, Campus Agrario de Vairao, Vairao, Porto 4485-661, Portugal""}]","[{""gene"": ""COX1"", ""product"": null}, {""gene"": ""COX1"", ""product"": ""cytochrome c oxidase subunit I""}, {""gene"": null, ""product"": ""tRNA-Ser""}]"
Alytes muletensis,KJ858872,97955,97955,,,,Metazoa,Chordata,Amphibia,Anura,Alytidae,Alytes,muletensis,,33208,7711,8292,8342,8343,8442,97955,,species,,,,,,,,,,,,,[null],,,,,,,,,,,NCBI,database,,,,,,,,AM02,734,"Alytes muletensis isolate AM02 tRNA-Cys and tRNA-Tyr genes, complete sequence; and cytochrome c oxidase subunit I (COX1) gene, partial cds; mitochondrial",VRT,16-JUL-2014,DNA,1,"[{""authors"": ""Maia-Carvalho,B., Goncalves,H., Ferrand,N. and Martinez-Solano,I."", ""title"": ""Multilocus assessment of phylogenetic relationships in Alytes (Anura, Alytidae)"", ""journal"": ""Mol. Phylogenet. Evol. (2014) In press""}, {""authors"": ""Maia-Carvalho,B., Goncalves,H., Ferrand,N. and Martinez-Solano,I."", ""title"": ""Direct Submission"", ""journal"": ""Submitted (12-MAY-2014) Centro de Investigacao em Biodiversidade e Recursos Geneticos da Universidade do Porto - CIBIO, Campus Agrario de Vairao, Vairao, Porto 4485-661, Portugal""}]","[{""gene"": null, ""product"": ""tRNA-Cys""}, {""gene"": null, ""product"": ""tRNA-Tyr""}, {""gene"": ""COX1"", ""product"": null}, {""gene"": ""COX1"", ""product"": ""cytochrome c oxidase subunit I""}]"
Alytes muletensis,KJ858871,97955,97955,,,,Metazoa,Chordata,Amphibia,Anura,Alytidae,Alytes,muletensis,,33208,7711,8292,8342,8343,8442,97955,,species,,,,,,,,,,,,,[null],,,,,,,,,,,NCBI,database,,,,,,,,CAP01,734,"Alytes muletensis isolate CAP01 tRNA-Cys and tRNA-Tyr genes, complete sequence; and cytochrome c oxidase subunit I (COX1) gene, partial cds; mitochondrial",VRT,16-JUL-2014,DNA,1,"[{""authors"": ""Maia-Carvalho,B., Goncalves,H., Ferrand,N. and Martinez-Solano,I."", ""title"": ""Multilocus assessment of phylogenetic relationships in Alytes (Anura, Alytidae)"", ""journal"": ""Mol. Phylogenet. Evol. (2014) In press""}, {""authors"": ""Maia-Carvalho,B., Goncalves,H., Ferrand,N. and Martinez-Solano,I."", ""title"": ""Direct Submission"", ""journal"": ""Submitted (12-MAY-2014) Centro de Investigacao em Biodiversidade e Recursos Geneticos da Universidade do Porto - CIBIO, Campus Agrario de Vairao, Vairao, Porto 4485-661, Portugal""}]","[{""gene"": null, ""product"": ""tRNA-Cys""}, {""gene"": null, ""product"": ""tRNA-Tyr""}, {""gene"": ""COX1"", ""product"": null}, {""gene"": ""COX1"", ""product"": ""cytochrome c oxidase subunit I""}]"
Alytes muletensis,KJ858854,97955,97955,,,,Metazoa,Chordata,Amphibia,Anura,Alytidae,Alytes,muletensis,,33208,7711,8292,8342,8343,8442,97955,,species,,,,,,,,,,,,,[null],,,,,,,,,,,NCBI,database,,,,,,,,AM02,261,"Alytes muletensis isolate AM02 NADH dehydrogenase subunit 2 (ND2) gene, partial cds; tRNA-Trp and tRNA-Ala genes, complete sequence; and tRNA-Asn gene, partial sequence; mitochondrial",VRT,16-JUL-2014,DNA,1,"[{""authors"": ""Maia-Carvalho,B., Goncalves,H., Ferrand,N. and Martinez-Solano,I."", ""title"": ""Multilocus assessment of phylogenetic relationships in Alytes (Anura, Alytidae)"", ""journal"": ""Mol. Phylogenet. Evol. (2014) In press""}, {""authors"": ""Maia-Carvalho,B., Goncalves,H., Ferrand,N. and Martinez-Solano,I."", ""title"": ""Direct Submission"", ""journal"": ""Submitted (12-MAY-2014) Centro de Investigacao em Biodiversidade e Recursos Geneticos da Universidade do Porto - CIBIO, Campus Agrario de Vairao, Vairao, Porto 4485-661, Portugal""}]","[{""gene"": ""ND2"", ""product"": null}, {""gene"": ""ND2"", ""product"": ""NADH dehydrogenase subunit 2""}, {""gene"": null, ""product"": ""tRNA-Trp""}, {""gene"": null, ""product"": ""tRNA-Ala""}, {""gene"": null, ""product"": ""tRNA-Asn""}]"
Alytes muletensis,KJ858853,97955,97955,,,,Metazoa,Chordata,Amphibia,Anura,Alytidae,Alytes,muletensis,,33208,7711,8292,8342,8343,8442,97955,,species,,,,,,,,,,,,,[null],,,,,,,,,,,NCBI,database,,,,,,,,CAP01,261,"Alytes muletensis isolate CAP01 NADH dehydrogenase subunit 2 (ND2) gene, partial cds; tRNA-Trp and tRNA-Ala genes, complete sequence; and tRNA-Asn gene, partial sequence; mitochondrial",VRT,16-JUL-2014,DNA,1,"[{""authors"": ""Maia-Carvalho,B., Goncalves,H., Ferrand,N. and Martinez-Solano,I."", ""title"": ""Multilocus assessment of phylogenetic relationships in Alytes (Anura, Alytidae)"", ""journal"": ""Mol. Phylogenet. Evol. (2014) In press""}, {""authors"": ""Maia-Carvalho,B., Goncalves,H., Ferrand,N. and Martinez-Solano,I."", ""title"": ""Direct Submission"", ""journal"": ""Submitted (12-MAY-2014) Centro de Investigacao em Biodiversidade e Recursos Geneticos da Universidade do Porto - CIBIO, Campus Agrario de Vairao, Vairao, Porto 4485-661, Portugal""}]","[{""gene"": ""ND2"", ""product"": null}, {""gene"": ""ND2"", ""product"": ""NADH dehydrogenase subunit 2""}, {""gene"": null, ""product"": ""tRNA-Trp""}, {""gene"": null, ""product"": ""tRNA-Ala""}, {""gene"": null, ""product"": ""tRNA-Asn""}]"
Alytes muletensis,KJ858836,97955,97955,,,,Metazoa,Chordata,Amphibia,Anura,Alytidae,Alytes,muletensis,,33208,7711,8292,8342,8343,8442,97955,,species,,,,,,,,,,,,,[null],,,,,,,,,,,NCBI,database,,,,,,,,AM02,599,"Alytes muletensis isolate AM02 tRNA-Met gene, partial sequence; and NADH dehydrogenase subunit 2 (ND2) gene, partial cds; mitochondrial",VRT,16-JUL-2014,DNA,1,"[{""authors"": ""Maia-Carvalho,B., Goncalves,H., Ferrand,N. and Martinez-Solano,I."", ""title"": ""Multilocus assessment of phylogenetic relationships in Alytes (Anura, Alytidae)"", ""journal"": ""Mol. Phylogenet. Evol. (2014) In press""}, {""authors"": ""Maia-Carvalho,B., Goncalves,H., Ferrand,N. and Martinez-Solano,I."", ""title"": ""Direct Submission"", ""journal"": ""Submitted (12-MAY-2014) Centro de Investigacao em Biodiversidade e Recursos Geneticos da Universidade do Porto - CIBIO, Campus Agrario de Vairao, Vairao, Porto 4485-661, Portugal""}]","[{""gene"": null, ""product"": ""tRNA-Met""}, {""gene"": ""ND2"", ""product"": null}, {""gene"": ""ND2"", ""product"": ""NADH dehydrogenase subunit 2""}]"
Alytes muletensis,KJ858835,97955,97955,,,,Metazoa,Chordata,Amphibia,Anura,Alytidae,Alytes,muletensis,,33208,7711,8292,8342,8343,8442,97955,,species,,,,,,,,,,,,,[null],,,,,,,,,,,NCBI,database,,,,,,,,CAP01,599,"Alytes muletensis isolate CAP01 tRNA-Met gene, partial sequence; and NADH dehydrogenase subunit 2 (ND2) gene, partial cds; mitochondrial",VRT,16-JUL-2014,DNA,1,"[{""authors"": ""Maia-Carvalho,B., Goncalves,H., Ferrand,N. and Martinez-Solano,I."", ""title"": ""Multilocus assessment of phylogenetic relationships in Alytes (Anura, Alytidae)"", ""journal"": ""Mol. Phylogenet. Evol. (2014) In press""}, {""authors"": ""Maia-Carvalho,B., Goncalves,H., Ferrand,N. and Martinez-Solano,I."", ""title"": ""Direct Submission"", ""journal"": ""Submitted (12-MAY-2014) Centro de Investigacao em Biodiversidade e Recursos Geneticos da Universidade do Porto - CIBIO, Campus Agrario de Vairao, Vairao, Porto 4485-661, Portugal""}]","[{""gene"": null, ""product"": ""tRNA-Met""}, {""gene"": ""ND2"", ""product"": null}, {""gene"": ""ND2"", ""product"": ""NADH dehydrogenase subunit 2""}]"
Alytes muletensis,KJ858818,97955,97955,,,,Metazoa,Chordata,Amphibia,Anura,Alytidae,Alytes,muletensis,,33208,7711,8292,8342,8343,8442,97955,,species,,,,,,,,,,,,,[null],,,,,,,,,,,NCBI,database,,,,,,,,AM02,1093,"Alytes muletensis isolate AM02 tRNA-Leu gene, partial sequence; NADH dehydrogenase subunit 1 (ND1) gene, complete cds; tRNA-Ile gene, complete sequence; and tRNA-Gln gene, partial sequence; mitochondrial",VRT,16-JUL-2014,DNA,1,"[{""authors"": ""Maia-Carvalho,B., Goncalves,H., Ferrand,N. and Martinez-Solano,I."", ""title"": ""Multilocus assessment of phylogenetic relationships in Alytes (Anura, Alytidae)"", ""journal"": ""Mol. Phylogenet. Evol. (2014) In press""}, {""authors"": ""Maia-Carvalho,B., Goncalves,H., Ferrand,N. and Martinez-Solano,I."", ""title"": ""Direct Submission"", ""journal"": ""Submitted (12-MAY-2014) Centro de Investigacao em Biodiversidade e Recursos Geneticos da Universidade do Porto - CIBIO, Campus Agrario de Vairao, Vairao, Porto 4485-661, Portugal""}]","[{""gene"": null, ""product"": ""tRNA-Leu""}, {""gene"": ""ND1"", ""product"": null}, {""gene"": ""ND1"", ""product"": ""NADH dehydrogenase subunit 1""}, {""gene"": null, ""product"": ""tRNA-Ile""}, {""gene"": null, ""product"": ""tRNA-Gln""}]"
Alytes muletensis,KJ858817,97955,97955,,,,Metazoa,Chordata,Amphibia,Anura,Alytidae,Alytes,muletensis,,33208,7711,8292,8342,8343,8442,97955,,species,,,,,,,,,,,,,[null],,,,,,,,,,,NCBI,database,,,,,,,,CAP01,1093,"Alytes muletensis isolate CAP01 tRNA-Leu gene, partial sequence; NADH dehydrogenase subunit 1 (ND1) gene, complete cds; tRNA-Ile gene, complete sequence; and tRNA-Gln gene, partial sequence; mitochondrial",VRT,16-JUL-2014,DNA,1,"[{""authors"": ""Maia-Carvalho,B., Goncalves,H., Ferrand,N. and Martinez-Solano,I."", ""title"": ""Multilocus assessment of phylogenetic relationships in Alytes (Anura, Alytidae)"", ""journal"": ""Mol. Phylogenet. Evol. (2014) In press""}, {""authors"": ""Maia-Carvalho,B., Goncalves,H., Ferrand,N. and Martinez-Solano,I."", ""title"": ""Direct Submission"", ""journal"": ""Submitted (12-MAY-2014) Centro de Investigacao em Biodiversidade e Recursos Geneticos da Universidade do Porto - CIBIO, Campus Agrario de Vairao, Vairao, Porto 4485-661, Portugal""}]","[{""gene"": null, ""product"": ""tRNA-Leu""}, {""gene"": ""ND1"", ""product"": null}, {""gene"": ""ND1"", ""product"": ""NADH dehydrogenase subunit 1""}, {""gene"": null, ""product"": ""tRNA-Ile""}, {""gene"": null, ""product"": ""tRNA-Gln""}]"
Alytes muletensis,KJ858802,97955,97955,,,,Metazoa,Chordata,Amphibia,Anura,Alytidae,Alytes,muletensis,,33208,7711,8292,8342,8343,8442,97955,,species,,,,,,,,,,,,,[null],,,,,,,,,,,NCBI,database,,,,,,,,MAI06,205,"Alytes muletensis isolate MAI06 16S ribosomal RNA gene, partial sequence; mitochondrial",VRT,16-JUL-2014,DNA,1,"[{""authors"": ""Maia-Carvalho,B., Goncalves,H., Ferrand,N. and Martinez-Solano,I."", ""title"": ""Multilocus assessment of phylogenetic relationships in Alytes (Anura, Alytidae)"", ""journal"": ""Mol. Phylogenet. Evol. (2014) In press""}, {""authors"": ""Maia-Carvalho,B., Goncalves,H., Ferrand,N. and Martinez-Solano,I."", ""title"": ""Direct Submission"", ""journal"": ""Submitted (12-MAY-2014) Centro de Investigacao em Biodiversidade e Recursos Geneticos da Universidade do Porto - CIBIO, Campus Agrario de Vairao, Vairao, Porto 4485-661, Portugal""}]","[{""gene"": null, ""product"": ""16S ribosomal RNA""}]"
Alytes muletensis,KJ858801,97955,97955,,,,Metazoa,Chordata,Amphibia,Anura,Alytidae,Alytes,muletensis,,33208,7711,8292,8342,8343,8442,97955,,species,,,,,,,,,,,,,[null],,,,,,,,,,,NCBI,database,,,,,,,,CAP01,205,"Alytes muletensis isolate CAP01 16S ribosomal RNA gene, partial sequence; mitochondrial",VRT,16-JUL-2014,DNA,1,"[{""authors"": ""Maia-Carvalho,B., Goncalves,H., Ferrand,N. and Martinez-Solano,I."", ""title"": ""Multilocus assessment of phylogenetic relationships in Alytes (Anura, Alytidae)"", ""journal"": ""Mol. Phylogenet. Evol. (2014) In press""}, {""authors"": ""Maia-Carvalho,B., Goncalves,H., Ferrand,N. and Martinez-Solano,I."", ""title"": ""Direct Submission"", ""journal"": ""Submitted (12-MAY-2014) Centro de Investigacao em Biodiversidade e Recursos Geneticos da Universidade do Porto - CIBIO, Campus Agrario de Vairao, Vairao, Porto 4485-661, Portugal""}]","[{""gene"": null, ""product"": ""16S ribosomal RNA""}]"
Alytes muletensis,KJ858784,97955,97955,,,,Metazoa,Chordata,Amphibia,Anura,Alytidae,Alytes,muletensis,,33208,7711,8292,8342,8343,8442,97955,,species,,,,,,,,,,,,,[null],,,,,,,,,,,NCBI,database,,,,,,,,AM02,905,"Alytes muletensis isolate AM02 12S ribosomal RNA gene, partial sequence; tRNA-Val gene, complete sequence; and 16S ribosomal RNA gene, partial sequence; mitochondrial",VRT,16-JUL-2014,DNA,1,"[{""authors"": ""Maia-Carvalho,B., Goncalves,H., Ferrand,N. and Martinez-Solano,I."", ""title"": ""Multilocus assessment of phylogenetic relationships in Alytes (Anura, Alytidae)"", ""journal"": ""Mol. Phylogenet. Evol. (2014) In press""}, {""authors"": ""Maia-Carvalho,B., Goncalves,H., Ferrand,N. and Martinez-Solano,I."", ""title"": ""Direct Submission"", ""journal"": ""Submitted (12-MAY-2014) Centro de Investigacao em Biodiversidade e Recursos Geneticos da Universidade do Porto - CIBIO, Campus Agrario de Vairao, Vairao, Porto 4485-661, Portugal""}]","[{""gene"": null, ""product"": ""12S ribosomal RNA""}, {""gene"": null, ""product"": ""tRNA-Val""}, {""gene"": null, ""product"": ""16S ribosomal RNA""}]"
Alytes muletensis,KJ858783,97955,97955,,,,Metazoa,Chordata,Amphibia,Anura,Alytidae,Alytes,muletensis,,33208,7711,8292,8342,8343,8442,97955,,species,,,,,,,,,,,,,[null],,,,,,,,,,,NCBI,database,,,,,,,,CAP01,904,"Alytes muletensis isolate CAP01 12S ribosomal RNA gene, partial sequence; tRNA-Val gene, complete sequence; and 16S ribosomal RNA gene, partial sequence; mitochondrial",VRT,16-JUL-2014,DNA,1,"[{""authors"": ""Maia-Carvalho,B., Goncalves,H., Ferrand,N. and Martinez-Solano,I."", ""title"": ""Multilocus assessment of phylogenetic relationships in Alytes (Anura, Alytidae)"", ""journal"": ""Mol. Phylogenet. Evol. (2014) In press""}, {""authors"": ""Maia-Carvalho,B., Goncalves,H., Ferrand,N. and Martinez-Solano,I."", ""title"": ""Direct Submission"", ""journal"": ""Submitted (12-MAY-2014) Centro de Investigacao em Biodiversidade e Recursos Geneticos da Universidade do Porto - CIBIO, Campus Agrario de Vairao, Vairao, Porto 4485-661, Portugal""}]","[{""gene"": null, ""product"": ""12S ribosomal RNA""}, {""gene"": null, ""product"": ""tRNA-Val""}, {""gene"": null, ""product"": ""16S ribosomal RNA""}]"
Alytes muletensis,AY333709,97955,97955,,,,Metazoa,Chordata,Amphibia,Anura,Alytidae,Alytes,muletensis,,33208,7711,8292,8342,8343,8442,97955,,species,,,,,,,,,,,,,[null],,,,,,,,,,,NCBI,database,,,,,,,,Am01,551,"Alytes muletensis 16S ribosomal RNA gene, partial sequence; mitochondrial",VRT,22-SEP-2006,DNA,1,"[{""authors"": ""Fromhage,L., Vences,M. and Veith,M."", ""title"": ""Testing alternative vicariance scenarios in Western Mediterranean discoglossid frogs"", ""journal"": ""Mol. Phylogenet. Evol. 31 (1), 308-322 (2004)""}, {""authors"": ""Fromhage,L., Veith,M. and Vences,M."", ""title"": ""Direct Submission"", ""journal"": ""Submitted (01-JUL-2003) Institute for Evolutionary Biology and Ecology, University of Bonn, An der Immenburg 1, Bonn D-53121, Germany""}]","[{""gene"": null, ""product"": ""16S ribosomal RNA""}]"
Alytes muletensis,AY333671,97955,97955,,,,Metazoa,Chordata,Amphibia,Anura,Alytidae,Alytes,muletensis,,33208,7711,8292,8342,8343,8442,97955,,species,,,,,,,,,,,,,[null],,,,,,,,,,,NCBI,database,,,,,,,,Am01,370,"Alytes muletensis 12S ribosomal RNA gene, partial sequence; mitochondrial gene for mitochondrial product",VRT,22-SEP-2006,DNA,1,"[{""authors"": ""Fromhage,L., Vences,M. and Veith,M."", ""title"": ""Testing alternative vicariance scenarios in Western Mediterranean discoglossid frogs"", ""journal"": ""Mol. Phylogenet. Evol. 31 (1), 308-322 (2004)""}, {""authors"": ""Fromhage,L., Veith,M. and Vences,M."", ""title"": ""Direct Submission"", ""journal"": ""Submitted (01-JUL-2003) Institute for Evolutionary Biology and Ecology, University of Bonn, An der Immenburg 1, Bonn D-53121, Germany""}]","[{""gene"": null, ""product"": ""12S ribosomal RNA""}]"
Alytes muletensis,AF224729,97955,97955,,,,Metazoa,Chordata,Amphibia,Anura,Alytidae,Alytes,muletensis,,33208,7711,8292,8342,8343,8442,97955,,species,,,,,,,,,,,,,[null],,,,,,,,,,,NCBI,database,,,,,,,,,337,"Alytes muletensis 16S ribosomal RNA gene, partial sequence",VRT,19-JAN-2001,DNA,1,"[{""authors"": ""Vences,M."", ""title"": ""Direct Submission"", ""journal"": ""Submitted (13-JAN-2000) Herpetology, Zoologisches Forschungsinstitut Alexander Koenig, Adenauerallee 160, Bonn, NRW 53113, Germany""}]","[{""gene"": null, ""product"": ""16S ribosomal RNA""}]"
Alytes muletensis,EF441339,97955,97955,MAI06,,,Metazoa,Chordata,Amphibia,Anura,Alytidae,Alytes,muletensis,,33208,7711,8292,8342,8343,8442,97955,,species,,,,,,,,,,,,,[null],,,,,,,,,,,NCBI,database,,,,,,,,,625,"Alytes muletensis voucher MAI06 beta-fibrinogen gene, intron 7",VRT,19-JUN-2007,DNA,1,"[{""authors"": ""Goncalves,H., Martinez-Solano,I., Ferrand,N. and Garcia-Paris,M."", ""title"": ""Conflicting phylogenetic signal of nuclear vs mitochondrial DNA markers in midwife toads (Anura, Discoglossidae, Alytes): deep coalescence or ancestral hybridization?"", ""journal"": ""Mol. Phylogenet. Evol. 44 (1), 494-500 (2007)""}, {""authors"": ""Goncalves,H., Martinez-Solano,I., Ferrand,N. and Garcia-Paris,M."", ""title"": ""Direct Submission"", ""journal"": ""Submitted (15-FEB-2007) Universidade do Porto, Centro de Investigacao em Biodiversidade e Recursos Geneticos, Campus Agrario de Vairao, Vairao 4485-661, Portugal""}]","[{""gene"": ""beta-fibrinogen"", ""product"": null}, {""gene"": ""beta-fibrinogen"", ""product"": null}]"
Alytes muletensis,AY442031,97955,97955,,,,Metazoa,Chordata,Amphibia,Anura,Alytidae,Alytes,muletensis,,33208,7711,8292,8342,8343,8442,97955,,species,,,,,,,,,,,,"Spain, Mallorca, Serra Tramuntana","[""Spain, Mallorca, Serra Tramuntana""]",,,,,,,,,,,NCBI,database,,,,,,,,,519,"Alytes muletensis 16S ribosomal RNA gene, partial sequence; mitochondrial",VRT,23-MAR-2004,DNA,1,"[{""authors"": ""Martinez-Solano,I., Goncalves,H.A., Arntzen,J.W. and Garcia-Paris,M."", ""title"": ""Phylogenetic relationships and biogeography of midwife toads (Discoglossidae: Alytes)"", ""journal"": ""J. Biogeogr. 31 (4), 603-618 (2004)""}, {""authors"": ""Garcia-Paris,M. and Martinez-Solano,I."", ""title"": ""Direct Submission"", ""journal"": ""Submitted (16-OCT-2003) Biodiversidad y Biologia Evolutiva, Museo Nacional de Ciencias Naturales (CSIC), Jose Gutierrez Abascal 2, Madrid, Madrid 28006, Spain""}]","[{""gene"": null, ""product"": ""16S ribosomal RNA""}]"
Alytes muletensis,AY166960,97955,97955,,,,Metazoa,Chordata,Amphibia,Anura,Alytidae,Alytes,muletensis,,33208,7711,8292,8342,8343,8442,97955,,species,,,,,,,,,,,,,[null],,,,,,,,,,,NCBI,database,,,,,,,,,320,Alytes muletensis clone Amul16 microsatellite sequence,VRT,06-MAR-2003,DNA,1,"[{""authors"": ""Kraaijeveld-Smit,F.J.L., Rowe,G., Beebee,T.J.C. and Griffiths,R.A."", ""title"": ""Microsatellite markers for the Mallorcan midwife toad Alytes muletensis"", ""journal"": ""Mol. Ecol. Notes 3 (1), 152-154 (2003)""}, {""authors"": ""Kraaijeveld-Smit,F.J.L., Rowe,G., Beebee,T.J.C. and Griffiths,R.A."", ""title"": ""Direct Submission"", ""journal"": ""Submitted (18-OCT-2002) Biological sciences, University of Sussex, Falmer, Brighton, West-Sussex BN1 9QG, UK""}]",[]
Alytes muletensis,AY166959,97955,97955,,,,Metazoa,Chordata,Amphibia,Anura,Alytidae,Alytes,muletensis,,33208,7711,8292,8342,8343,8442,97955,,species,,,,,,,,,,,,,[null],,,,,,,,,,,NCBI,database,,,,,,,,,273,Alytes muletensis clone Amul15 microsatellite sequence,VRT,06-MAR-2003,DNA,1,"[{""authors"": ""Kraaijeveld-Smit,F.J.L., Rowe,G., Beebee,T.J.C. and Griffiths,R.A."", ""title"": ""Microsatellite markers for the Mallorcan midwife toad Alytes muletensis"", ""journal"": ""Mol. Ecol. Notes 3 (1), 152-154 (2003)""}, {""authors"": ""Kraaijeveld-Smit,F.J.L., Rowe,G., Beebee,T.J.C. and Griffiths,R.A."", ""title"": ""Direct Submission"", ""journal"": ""Submitted (18-OCT-2002) Biological sciences, University of Sussex, Falmer, Brighton, West-Sussex BN1 9QG, UK""}]",[]
Alytes muletensis,AY166958,97955,97955,,,,Metazoa,Chordata,Amphibia,Anura,Alytidae,Alytes,muletensis,,33208,7711,8292,8342,8343,8442,97955,,species,,,,,,,,,,,,,[null],,,,,,,,,,,NCBI,database,,,,,,,,,391,Alytes muletensis clone Amul14 microsatellite sequence,VRT,06-MAR-2003,DNA,1,"[{""authors"": ""Kraaijeveld-Smit,F.J.L., Rowe,G., Beebee,T.J.C. and Griffiths,R.A."", ""title"": ""Microsatellite markers for the Mallorcan midwife toad Alytes muletensis"", ""journal"": ""Mol. Ecol. Notes 3 (1), 152-154 (2003)""}, {""authors"": ""Kraaijeveld-Smit,F.J.L., Rowe,G., Beebee,T.J.C. and Griffiths,R.A."", ""title"": ""Direct Submission"", ""journal"": ""Submitted (18-OCT-2002) Biological sciences, University of Sussex, Falmer, Brighton, West-Sussex BN1 9QG, UK""}]",[]
Alytes muletensis,AY166957,97955,97955,,,,Metazoa,Chordata,Amphibia,Anura,Alytidae,Alytes,muletensis,,33208,7711,8292,8342,8343,8442,97955,,species,,,,,,,,,,,,,[null],,,,,,,,,,,NCBI,database,,,,,,,,,311,Alytes muletensis clone Amul11 microsatellite sequence,VRT,06-MAR-2003,DNA,1,"[{""authors"": ""Kraaijeveld-Smit,F.J.L., Rowe,G., Beebee,T.J.C. and Griffiths,R.A."", ""title"": ""Microsatellite markers for the Mallorcan midwife toad Alytes muletensis"", ""journal"": ""Mol. Ecol. Notes 3 (1), 152-154 (2003)""}, {""authors"": ""Kraaijeveld-Smit,F.J.L., Rowe,G., Beebee,T.J.C. and Griffiths,R.A."", ""title"": ""Direct Submission"", ""journal"": ""Submitted (18-OCT-2002) Biological sciences, University of Sussex, Falmer, Brighton, West-Sussex BN1 9QG, UK""}]",[]
Alytes muletensis,AY166956,97955,97955,,,,Metazoa,Chordata,Amphibia,Anura,Alytidae,Alytes,muletensis,,33208,7711,8292,8342,8343,8442,97955,,species,,,,,,,,,,,,,[null],,,,,,,,,,,NCBI,database,,,,,,,,,251,Alytes muletensis clone Amul8 microsatellite sequence,VRT,06-MAR-2003,DNA,1,"[{""authors"": ""Kraaijeveld-Smit,F.J.L., Rowe,G., Beebee,T.J.C. and Griffiths,R.A."", ""title"": ""Microsatellite markers for the Mallorcan midwife toad Alytes muletensis"", ""journal"": ""Mol. Ecol. Notes 3 (1), 152-154 (2003)""}, {""authors"": ""Kraaijeveld-Smit,F.J.L., Rowe,G., Beebee,T.J.C. and Griffiths,R.A."", ""title"": ""Direct Submission"", ""journal"": ""Submitted (18-OCT-2002) Biological sciences, University of Sussex, Falmer, Brighton, West-Sussex BN1 9QG, UK""}]",[]
Alytes muletensis,AY166955,97955,97955,,,,Metazoa,Chordata,Amphibia,Anura,Alytidae,Alytes,muletensis,,33208,7711,8292,8342,8343,8442,97955,,species,,,,,,,,,,,,,[null],,,,,,,,,,,NCBI,database,,,,,,,,,383,Alytes muletensis clone Amul6 microsatellite sequence,VRT,06-MAR-2003,DNA,1,"[{""authors"": ""Kraaijeveld-Smit,F.J.L., Rowe,G., Beebee,T.J.C. and Griffiths,R.A."", ""title"": ""Microsatellite markers for the Mallorcan midwife toad Alytes muletensis"", ""journal"": ""Mol. Ecol. Notes 3 (1), 152-154 (2003)""}, {""authors"": ""Kraaijeveld-Smit,F.J.L., Rowe,G., Beebee,T.J.C. and Griffiths,R.A."", ""title"": ""Direct Submission"", ""journal"": ""Submitted (18-OCT-2002) Biological sciences, University of Sussex, Falmer, Brighton, West-Sussex BN1 9QG, UK""}]",[]
Alytes muletensis,AY166954,97955,97955,,,,Metazoa,Chordata,Amphibia,Anura,Alytidae,Alytes,muletensis,,33208,7711,8292,8342,8343,8442,97955,,species,,,,,,,,,,,,,[null],,,,,,,,,,,NCBI,database,,,,,,,,,273,Alytes muletensis clone Amul3 microsatellite sequence,VRT,06-MAR-2003,DNA,1,"[{""authors"": ""Kraaijeveld-Smit,F.J.L., Rowe,G., Beebee,T.J.C. and Griffiths,R.A."", ""title"": ""Microsatellite markers for the Mallorcan midwife toad Alytes muletensis"", ""journal"": ""Mol. Ecol. Notes 3 (1), 152-154 (2003)""}, {""authors"": ""Kraaijeveld-Smit,F.J.L., Rowe,G., Beebee,T.J.C. and Griffiths,R.A."", ""title"": ""Direct Submission"", ""journal"": ""Submitted (18-OCT-2002) Biological sciences, University of Sussex, Falmer, Brighton, West-Sussex BN1 9QG, UK""}]",[]
Alytes muletensis,AY166953,97955,97955,,,,Metazoa,Chordata,Amphibia,Anura,Alytidae,Alytes,muletensis,,33208,7711,8292,8342,8343,8442,97955,,species,,,,,,,,,,,,,[null],,,,,,,,,,,NCBI,database,,,,,,,,,308,Alytes muletensis clone Amul1 microsatellite sequence,VRT,06-MAR-2003,DNA,1,"[{""authors"": ""Kraaijeveld-Smit,F.J.L., Rowe,G., Beebee,T.J.C. and Griffiths,R.A."", ""title"": ""Microsatellite markers for the Mallorcan midwife toad Alytes muletensis"", ""journal"": ""Mol. Ecol. Notes 3 (1), 152-154 (2003)""}, {""authors"": ""Kraaijeveld-Smit,F.J.L., Rowe,G., Beebee,T.J.C. and Griffiths,R.A."", ""title"": ""Direct Submission"", ""journal"": ""Submitted (18-OCT-2002) Biological sciences, University of Sussex, Falmer, Brighton, West-Sussex BN1 9QG, UK""}]",[]
Alytes muletensis,AY499618,97955,97955,,,,Metazoa,Chordata,Amphibia,Anura,Alytidae,Alytes,muletensis,,33208,7711,8292,8342,8343,8442,97955,,species,,,,,,,,,,,,,[null],,,,,,,,,,,NCBI,database,,,,,,,,,518,Alytes muletensis microsatellite Amul22 sequence,VRT,13-OCT-2005,DNA,1,"[{""authors"": ""Kraaijeveld-Smit,F.J., Beebee,T.J., Griffiths,R.A., Moore,R.D. and Schley,L."", ""title"": ""Low gene flow but high genetic diversity in the threatened Mallorcan midwife toad Alytes muletensis"", ""journal"": ""Mol. Ecol. 14 (11), 3307-3315 (2005)""}, {""authors"": ""Kraaijeveld-Smit,F.J.L., Rowe,G., Beebee,T.J.C. and Griffiths,R.A."", ""title"": ""Direct Submission"", ""journal"": ""Submitted (11-DEC-2003) Biochemistry, University of Sussex, Falmer, Sussex BN1 9QG, UK""}]",[]
Alytes muletensis,AY499617,97955,97955,,,,Metazoa,Chordata,Amphibia,Anura,Alytidae,Alytes,muletensis,,33208,7711,8292,8342,8343,8442,97955,,species,,,,,,,,,,,,,[null],,,,,,,,,,,NCBI,database,,,,,,,,,297,Alytes muletensis microsatellite Amul20 sequence,VRT,13-OCT-2005,DNA,1,"[{""authors"": ""Kraaijeveld-Smit,F.J., Beebee,T.J., Griffiths,R.A., Moore,R.D. and Schley,L."", ""title"": ""Low gene flow but high genetic diversity in the threatened Mallorcan midwife toad Alytes muletensis"", ""journal"": ""Mol. Ecol. 14 (11), 3307-3315 (2005)""}, {""authors"": ""Kraaijeveld-Smit,F.J.L., Rowe,G., Beebee,T.J.C. and Griffiths,R.A."", ""title"": ""Direct Submission"", ""journal"": ""Submitted (11-DEC-2003) Biochemistry, University of Sussex, Falmer, Sussex BN1 9QG, UK""}]",[]
Alytes muletensis,AJ440797,97955,97955,,,,Metazoa,Chordata,Amphibia,Anura,Alytidae,Alytes,muletensis,,33208,7711,8292,8342,8343,8442,97955,,species,,,,,,,,,,,,,[null],,,,,,,,,,,NCBI,database,,,,,,,,,517,Alytes muletensis partial mitochondrial 16S ribosomal RNA gene,VRT,13-APR-2004,DNA,1,"[{""authors"": ""Hertwig,S., de Sa,R.O. and Haas,A."", ""title"": ""Phylogenetic signal and the utility of 12S and 16S mtDNA in frog phylogeny"", ""journal"": ""J. Zool. Syst. Evol. Res. 42 (1), 2-18 (2004)""}, {""authors"": ""Hertwig,S."", ""title"": ""Direct Submission"", ""journal"": ""Submitted (04-APR-2002) Hertwig S., Thuringia, Inst. Spez. Zool., FSU Jena, Erbertstr.1, D-07743 Jena, GERMANY""}]","[{""gene"": ""16S rRNA"", ""product"": null}, {""gene"": ""16S rRNA"", ""product"": ""16S ribosomal RNA""}]"
Alytes muletensis,AJ440758,97955,97955,,,,Metazoa,Chordata,Amphibia,Anura,Alytidae,Alytes,muletensis,,33208,7711,8292,8342,8343,8442,97955,,species,,,,,,,,,,,,,[null],,,,,,,,,,,NCBI,database,,,,,,,,,417,Alytes muletensis mitochondrion partial 12S rRNA gene,VRT,13-APR-2004,DNA,1,"[{""authors"": ""Hertwig,S., de Sa,R.O. and Haas,A."", ""title"": ""Phylogenetic signal and the utility of 12S and 16S mtDNA in frog phylogeny"", ""journal"": ""J. Zool. Syst. Evol. Res. 42 (1), 2-18 (2004)""}, {""authors"": ""Hertwig,S."", ""title"": ""Direct Submission"", ""journal"": ""Submitted (03-APR-2002) Hertwig S., Thuringia, Inst. Spez. Zool., FSU Jena, Erbertstr.1, D-07743 Jena, GERMANY""}]","[{""gene"": ""12S rRNA"", ""product"": null}, {""gene"": ""12S rRNA"", ""product"": ""12S ribosomal RNA""}]"
Alytes muletensis,AY499619,97955,97955,,,,Metazoa,Chordata,Amphibia,Anura,Alytidae,Alytes,muletensis,,33208,7711,8292,8342,8343,8442,97955,,species,,,,,,,,,,,,,[null],,,,,,,,,,,NCBI,database,,,,,,,,,353,Alytes muletensis microsatellite Amul23 sequence,VRT,13-JAN-2004,DNA,1,"[{""authors"": ""Kraaijeveld-Smit,F.J.L., Rowe,G., Beebee,T.J.C. and Griffiths,R.A."", ""title"": ""Microsatellite locus Alytes muletensis"", ""journal"": ""Unpublished""}, {""authors"": ""Kraaijeveld-Smit,F.J.L., Rowe,G., Beebee,T.J.C. and Griffiths,R.A."", ""title"": ""Direct Submission"", ""journal"": ""Submitted (11-DEC-2003) Biochemistry, University of Sussex, Falmer, Sussex BN1 9QG, UK""}]",[]
