originalName,sample_id,taxonKey,acceptedTaxonKey,voucher,basisOfRecord,occurrenceStatus,kingdom,phylum,class,order,family,genus,specificEpithet,infraspecificEpithet,kingdomKey,phylumKey,classKey,orderKey,familyKey,genusKey,speciesKey,taxonRank,taxonomicStatus,iucnRedListCategory,lat_lon,continent,islandGroup,island,country,countryCode,stateProvince,county,municipality,locality,geography,geodeticDatum,coordinateUncertaintyInMeters,year,month,day,lifeStage,recordedBy,elevation,depth,occurrenceSource,occurrenceOrigin,CONTINENT,COUNTRY,AC,ISLAND,MUNICIPALI,TOWN,WB_0
Alytes muletensis,4855333871,2426609,2426609,212242468,human_observation,PRESENT,Animalia,Chordata,Amphibia,Anura,Alytidae,Alytes,muletensis,,1,44,131,952,6726,2426608,2426609,SPECIES,ACCEPTED,EN,"[39.99735, 2.822827]",,,,Spain,ES,Islas Baleares,,,,"[null, null, null, ""Spain"", ""ES"", ""Islas Baleares"", null, null, null]",WGS84,28030.0,2024.0,4.0,30.0,Adult,davidequercia,,,GBIF,database,Europe,Spain,Islas Baleares,,,,Balearic Sea
Alytes muletensis,4863852296,2426609,2426609,215655910,human_observation,PRESENT,Animalia,Chordata,Amphibia,Anura,Alytidae,Alytes,muletensis,,1,44,131,952,6726,2426608,2426609,SPECIES,ACCEPTED,EN,"[39.68952, 2.889664]",Europe,,,Spain,ES,Islas Baleares,,,,"[""Europe"", null, null, ""Spain"", ""ES"", ""Islas Baleares"", null, null, null]",WGS84,28060.0,2024.0,5.0,6.0,,leonery,,,GBIF,database,Europe,Spain,Islas Baleares,Mallorca,Inca,,
Alytes muletensis,3455917500,2426609,2426609,104200864,human_observation,PRESENT,Animalia,Chordata,Amphibia,Anura,Alytidae,Alytes,muletensis,,1,44,131,952,6726,2426608,2426609,SPECIES,ACCEPTED,EN,"[39.802708, 2.811413]",Europe,,,Spain,ES,Islas Baleares,,,,"[""Europe"", null, null, ""Spain"", ""ES"", ""Islas Baleares"", null, null, null]",WGS84,28030.0,2022.0,1.0,2.0,Larva,Daniele Seglie,,,GBIF,database,Europe,Spain,Islas Baleares,Mallorca,Escorca,,
Alytes muletensis,3457127448,2426609,2426609,104200879,human_observation,PRESENT,Animalia,Chordata,Amphibia,Anura,Alytidae,Alytes,muletensis,,1,44,131,952,6726,2426608,2426609,SPECIES,ACCEPTED,EN,"[39.827176, 2.874789]",Europe,,,Spain,ES,Islas Baleares,,,,"[""Europe"", null, null, ""Spain"", ""ES"", ""Islas Baleares"", null, null, null]",WGS84,28030.0,2022.0,1.0,2.0,,Daniele Seglie,,,GBIF,database,Europe,Spain,Islas Baleares,Mallorca,Escorca,,
Alytes muletensis,3455589157,2426609,2426609,104281582,human_observation,PRESENT,Animalia,Chordata,Amphibia,Anura,Alytidae,Alytes,muletensis,,1,44,131,952,6726,2426608,2426609,SPECIES,ACCEPTED,EN,"[39.706562, 2.470387]",Europe,,,Spain,ES,Islas Baleares,,,,"[""Europe"", null, null, ""Spain"", ""ES"", ""Islas Baleares"", null, null, null]",WGS84,28060.0,2022.0,1.0,3.0,Larva,Daniele Seglie,,,GBIF,database,Europe,Spain,Islas Baleares,,,,Balearic Sea
Alytes muletensis,3455968800,2426609,2426609,104281855,human_observation,PRESENT,Animalia,Chordata,Amphibia,Anura,Alytidae,Alytes,muletensis,,1,44,131,952,6726,2426608,2426609,SPECIES,ACCEPTED,EN,"[39.870849, 2.976699]",Europe,,,Spain,ES,Islas Baleares,,,,"[""Europe"", null, null, ""Spain"", ""ES"", ""Islas Baleares"", null, null, null]",WGS84,28030.0,2022.0,1.0,2.0,,Nicolò Seglie,,,GBIF,database,Europe,Spain,Islas Baleares,Mallorca,Pollença,,
Alytes muletensis,3456479851,2426609,2426609,104421670,human_observation,PRESENT,Animalia,Chordata,Amphibia,Anura,Alytidae,Alytes,muletensis,,1,44,131,952,6726,2426608,2426609,SPECIES,ACCEPTED,EN,"[39.975878, 3.118349]",Europe,,,Spain,ES,Islas Baleares,,,,"[""Europe"", null, null, ""Spain"", ""ES"", ""Islas Baleares"", null, null, null]",WGS84,28030.0,2022.0,1.0,5.0,Adult,Nicolò Seglie,,,GBIF,database,Europe,Spain,Islas Baleares,,,,Balearic Sea
Alytes muletensis,3456012349,2426609,2426609,104421895,human_observation,PRESENT,Animalia,Chordata,Amphibia,Anura,Alytidae,Alytes,muletensis,,1,44,131,952,6726,2426608,2426609,SPECIES,ACCEPTED,EN,"[39.832523, 3.046373]",Europe,,,Spain,ES,Islas Baleares,,,,"[""Europe"", null, null, ""Spain"", ""ES"", ""Islas Baleares"", null, null, null]",WGS84,28030.0,2022.0,1.0,5.0,Larva,Daniele Seglie,,,GBIF,database,Europe,Spain,Islas Baleares,Mallorca,Pollença,,
Alytes muletensis,3456158246,2426609,2426609,104421915,human_observation,PRESENT,Animalia,Chordata,Amphibia,Anura,Alytidae,Alytes,muletensis,,1,44,131,952,6726,2426608,2426609,SPECIES,ACCEPTED,EN,"[39.967884, 3.194145]",Europe,,,Spain,ES,Islas Baleares,,,,"[""Europe"", null, null, ""Spain"", ""ES"", ""Islas Baleares"", null, null, null]",WGS84,28030.0,2022.0,1.0,5.0,Adult,Daniele Seglie,,,GBIF,database,Europe,Spain,Islas Baleares,,,,Balearic Sea
Alytes muletensis,3455601799,2426609,2426609,104422372,human_observation,PRESENT,Animalia,Chordata,Amphibia,Anura,Alytidae,Alytes,muletensis,,1,44,131,952,6726,2426608,2426609,SPECIES,ACCEPTED,EN,"[39.893941, 3.086522]",Europe,,,Spain,ES,Islas Baleares,,,,"[""Europe"", null, null, ""Spain"", ""ES"", ""Islas Baleares"", null, null, null]",WGS84,28030.0,2022.0,1.0,5.0,Adult,Daniele Seglie,,,GBIF,database,Europe,Spain,Islas Baleares,,,,Balearic Sea
Alytes muletensis,3827119014,2426609,2426609,238248895@OBS,human_observation,PRESENT,Animalia,Chordata,Amphibia,Anura,Alytidae,Alytes,muletensis,,1,44,131,952,6726,2426608,2426609,SPECIES,ACCEPTED,EN,"[39.84, 2.82]",Europe,,,Spain,ES,,,,Spain - Mallorca - Torrent de Pareis,"[""Europe"", null, null, ""Spain"", ""ES"", null, null, null, ""Spain - Mallorca - Torrent de Pareis""]",WGS84,1000.0,2022.0,4.0,18.0,Unknown,User 18483,,,GBIF,database,Europe,Spain,Islas Baleares,Mallorca,Escorca,,
Alytes muletensis,3823247123,2426609,2426609,238485412@OBS,human_observation,PRESENT,Animalia,Chordata,Amphibia,Anura,Alytidae,Alytes,muletensis,,1,44,131,952,6726,2426608,2426609,SPECIES,ACCEPTED,EN,"[39.84, 2.82]",Europe,,,Spain,ES,,,,Spain - Mallorca - Torrent de Pareis,"[""Europe"", null, null, ""Spain"", ""ES"", null, null, null, ""Spain - Mallorca - Torrent de Pareis""]",WGS84,1000.0,2022.0,4.0,18.0,Unknown,User 91174,,,GBIF,database,Europe,Spain,Islas Baleares,Mallorca,Escorca,,
Alytes muletensis,3826581419,2426609,2426609,238667243@OBS,human_observation,PRESENT,Animalia,Chordata,Amphibia,Anura,Alytidae,Alytes,muletensis,,1,44,131,952,6726,2426608,2426609,SPECIES,ACCEPTED,EN,"[39.76, 3.34]",Europe,,,Spain,ES,,,,Spain - Mallorca - Llevant,"[""Europe"", null, null, ""Spain"", ""ES"", null, null, null, ""Spain - Mallorca - Llevant""]",WGS84,1000.0,2022.0,4.0,22.0,Adult,User 91174,,,GBIF,database,Europe,Spain,Islas Baleares,Mallorca,Artà,,
Alytes muletensis,3826776783,2426609,2426609,239244767@OBS,human_observation,PRESENT,Animalia,Chordata,Amphibia,Anura,Alytidae,Alytes,muletensis,,1,44,131,952,6726,2426608,2426609,SPECIES,ACCEPTED,EN,"[39.84, 2.82]",Europe,,,Spain,ES,,,,Spain - Mallorca - Torrent de Pareis,"[""Europe"", null, null, ""Spain"", ""ES"", null, null, null, ""Spain - Mallorca - Torrent de Pareis""]",WGS84,1000.0,2022.0,4.0,18.0,Adult,User 121093,,,GBIF,database,Europe,Spain,Islas Baleares,Mallorca,Escorca,,
Alytes muletensis,3903983666,2426609,2426609,239244768@OBS,human_observation,PRESENT,Animalia,Chordata,Amphibia,Anura,Alytidae,Alytes,muletensis,,1,44,131,952,6726,2426608,2426609,SPECIES,ACCEPTED,EN,"[39.84, 2.82]",Europe,,,Spain,ES,,,,Spain - Mallorca - Torrent de Pareis,"[""Europe"", null, null, ""Spain"", ""ES"", null, null, null, ""Spain - Mallorca - Torrent de Pareis""]",WGS84,1000.0,2022.0,4.0,18.0,Larva,User 121093,,,GBIF,database,Europe,Spain,Islas Baleares,Mallorca,Escorca,,
Alytes muletensis,3905548643,2426609,2426609,239244769@OBS,human_observation,PRESENT,Animalia,Chordata,Amphibia,Anura,Alytidae,Alytes,muletensis,,1,44,131,952,6726,2426608,2426609,SPECIES,ACCEPTED,EN,"[39.83, 2.82]",Europe,,,Spain,ES,,,,Spain - Mallorca - Torrent de Pareis,"[""Europe"", null, null, ""Spain"", ""ES"", null, null, null, ""Spain - Mallorca - Torrent de Pareis""]",WGS84,1000.0,2022.0,4.0,18.0,Larva,User 121093,,,GBIF,database,Europe,Spain,Islas Baleares,Mallorca,Escorca,,
Alytes muletensis,3825737769,2426609,2426609,239244770@OBS,human_observation,PRESENT,Animalia,Chordata,Amphibia,Anura,Alytidae,Alytes,muletensis,,1,44,131,952,6726,2426608,2426609,SPECIES,ACCEPTED,EN,"[39.83, 2.82]",Europe,,,Spain,ES,,,,Spain - Mallorca - Torrent de Pareis,"[""Europe"", null, null, ""Spain"", ""ES"", null, null, null, ""Spain - Mallorca - Torrent de Pareis""]",WGS84,1000.0,2022.0,4.0,18.0,Unknown,User 121093,,,GBIF,database,Europe,Spain,Islas Baleares,Mallorca,Escorca,,
Alytes muletensis,3824140692,2426609,2426609,239246256@OBS,human_observation,PRESENT,Animalia,Chordata,Amphibia,Anura,Alytidae,Alytes,muletensis,,1,44,131,952,6726,2426608,2426609,SPECIES,ACCEPTED,EN,"[39.75, 3.34]",Europe,,,Spain,ES,,,,Spain - Mallorca - Llevant,"[""Europe"", null, null, ""Spain"", ""ES"", null, null, null, ""Spain - Mallorca - Llevant""]",WGS84,1000.0,2022.0,4.0,22.0,Unknown,User 121093,,,GBIF,database,Europe,Spain,Islas Baleares,Mallorca,Artà,,
Alytes muletensis,3826106750,2426609,2426609,239246363@OBS,human_observation,PRESENT,Animalia,Chordata,Amphibia,Anura,Alytidae,Alytes,muletensis,,1,44,131,952,6726,2426608,2426609,SPECIES,ACCEPTED,EN,"[39.75, 3.34]",Europe,,,Spain,ES,,,,Spain - Mallorca - Llevant,"[""Europe"", null, null, ""Spain"", ""ES"", null, null, null, ""Spain - Mallorca - Llevant""]",WGS84,1000.0,2022.0,4.0,22.0,Unknown,User 121093,,,GBIF,database,Europe,Spain,Islas Baleares,Mallorca,Artà,,
Alytes muletensis,3825828710,2426609,2426609,239246697@OBS,human_observation,PRESENT,Animalia,Chordata,Amphibia,Anura,Alytidae,Alytes,muletensis,,1,44,131,952,6726,2426608,2426609,SPECIES,ACCEPTED,EN,"[39.76, 3.34]",Europe,,,Spain,ES,,,,Spain - Mallorca - Llevant,"[""Europe"", null, null, ""Spain"", ""ES"", null, null, null, ""Spain - Mallorca - Llevant""]",WGS84,1000.0,2022.0,4.0,22.0,Unknown,User 121093,,,GBIF,database,Europe,Spain,Islas Baleares,Mallorca,Artà,,
Alytes muletensis,3824373683,2426609,2426609,239247025@OBS,human_observation,PRESENT,Animalia,Chordata,Amphibia,Anura,Alytidae,Alytes,muletensis,,1,44,131,952,6726,2426608,2426609,SPECIES,ACCEPTED,EN,"[39.76, 3.34]",Europe,,,Spain,ES,,,,Spain - Mallorca - Llevant,"[""Europe"", null, null, ""Spain"", ""ES"", null, null, null, ""Spain - Mallorca - Llevant""]",WGS84,1000.0,2022.0,4.0,22.0,Unknown,User 121093,,,GBIF,database,Europe,Spain,Islas Baleares,Mallorca,Artà,,
Alytes muletensis,3827179695,2426609,2426609,239247152@OBS,human_observation,PRESENT,Animalia,Chordata,Amphibia,Anura,Alytidae,Alytes,muletensis,,1,44,131,952,6726,2426608,2426609,SPECIES,ACCEPTED,EN,"[39.76, 3.34]",Europe,,,Spain,ES,,,,Spain - Mallorca - Llevant,"[""Europe"", null, null, ""Spain"", ""ES"", null, null, null, ""Spain - Mallorca - Llevant""]",WGS84,1000.0,2022.0,4.0,22.0,Adult,User 121093,,,GBIF,database,Europe,Spain,Islas Baleares,Mallorca,Artà,,
Alytes muletensis,3823213171,2426609,2426609,241344036@OBS,human_observation,PRESENT,Animalia,Chordata,Amphibia,Anura,Alytidae,Alytes,muletensis,,1,44,131,952,6726,2426608,2426609,SPECIES,ACCEPTED,EN,"[39.839204, 2.828914]",Europe,,,Spain,ES,,,,Spain - Mallorca - Torrent de Pareis,"[""Europe"", null, null, ""Spain"", ""ES"", null, null, null, ""Spain - Mallorca - Torrent de Pareis""]",WGS84,25.0,2022.0,5.0,11.0,Unknown,User 3182,,,GBIF,database,Europe,Spain,Islas Baleares,Mallorca,Escorca,,
Alytes muletensis,4525063427,2426609,2426609,199262203,human_observation,PRESENT,Animalia,Chordata,Amphibia,Anura,Alytidae,Alytes,muletensis,,1,44,131,952,6726,2426608,2426609,SPECIES,ACCEPTED,EN,"[39.664274, 2.445327]",Europe,,,Spain,ES,Islas Baleares,,,,"[""Europe"", null, null, ""Spain"", ""ES"", ""Islas Baleares"", null, null, null]",WGS84,28060.0,2021.0,4.0,25.0,,Wouter Beukema,,,GBIF,database,Europe,Spain,Islas Baleares,,,,Balearic Sea
Alytes muletensis,4525082499,2426609,2426609,199262216,human_observation,PRESENT,Animalia,Chordata,Amphibia,Anura,Alytidae,Alytes,muletensis,,1,44,131,952,6726,2426608,2426609,SPECIES,ACCEPTED,EN,"[39.73401, 2.790586]",Europe,,,Spain,ES,Islas Baleares,,,,"[""Europe"", null, null, ""Spain"", ""ES"", ""Islas Baleares"", null, null, null]",WGS84,28060.0,2021.0,4.0,29.0,Adult,Wouter Beukema,,,GBIF,database,Europe,Spain,Islas Baleares,Mallorca,Alaró,,
Alytes muletensis,3825404100,2426609,2426609,216593561@OBS,human_observation,PRESENT,Animalia,Chordata,Amphibia,Anura,Alytidae,Alytes,muletensis,,1,44,131,952,6726,2426608,2426609,SPECIES,ACCEPTED,EN,"[39.75, 3.34]",Europe,,,Spain,ES,,,,Spain - Mallorca - Llevant,"[""Europe"", null, null, ""Spain"", ""ES"", null, null, null, ""Spain - Mallorca - Llevant""]",WGS84,1000.0,2021.0,6.0,10.0,Adult,User 254233,,,GBIF,database,Europe,Spain,Islas Baleares,Mallorca,Artà,,
Alytes muletensis,3455815803,2426609,2426609,104401741,human_observation,PRESENT,Animalia,Chordata,Amphibia,Anura,Alytidae,Alytes,muletensis,,1,44,131,952,6726,2426608,2426609,SPECIES,ACCEPTED,EN,"[39.657761, 2.421983]",Europe,,,Spain,ES,Islas Baleares,,,,"[""Europe"", null, null, ""Spain"", ""ES"", ""Islas Baleares"", null, null, null]",WGS84,28060.0,2021.0,8.0,30.0,Larva,Nicolò Seglie,,,GBIF,database,Europe,Spain,Islas Baleares,,,,Balearic Sea
Alytes muletensis,3723278127,2426609,2426609,230966811@OBS,human_observation,PRESENT,Animalia,Chordata,Amphibia,Anura,Alytidae,Alytes,muletensis,,1,44,131,952,6726,2426608,2426609,SPECIES,ACCEPTED,EN,"[39.83, 2.82]",Europe,,,Spain,ES,,,,Spain - Mallorca - Torrent de Pareis,"[""Europe"", null, null, ""Spain"", ""ES"", null, null, null, ""Spain - Mallorca - Torrent de Pareis""]",WGS84,1000.0,2021.0,12.0,20.0,Adult,User 49877,,,GBIF,database,Europe,Spain,Islas Baleares,Mallorca,Escorca,,
Alytes muletensis,3723603029,2426609,2426609,230966813@OBS,human_observation,PRESENT,Animalia,Chordata,Amphibia,Anura,Alytidae,Alytes,muletensis,,1,44,131,952,6726,2426608,2426609,SPECIES,ACCEPTED,EN,"[39.84, 2.82]",Europe,,,Spain,ES,,,,Spain - Mallorca - Torrent de Pareis,"[""Europe"", null, null, ""Spain"", ""ES"", null, null, null, ""Spain - Mallorca - Torrent de Pareis""]",WGS84,1000.0,2021.0,12.0,20.0,Larva,User 49877,,,GBIF,database,Europe,Spain,Islas Baleares,Mallorca,Escorca,,
Alytes muletensis,3731785350,2426609,2426609,230987573@OBS,human_observation,PRESENT,Animalia,Chordata,Amphibia,Anura,Alytidae,Alytes,muletensis,,1,44,131,952,6726,2426608,2426609,SPECIES,ACCEPTED,EN,"[39.84, 2.82]",Europe,,,Spain,ES,,,,Spain - Mallorca - Torrent de Pareis,"[""Europe"", null, null, ""Spain"", ""ES"", null, null, null, ""Spain - Mallorca - Torrent de Pareis""]",WGS84,1000.0,2021.0,12.0,20.0,Adult,User 166741,,,GBIF,database,Europe,Spain,Islas Baleares,Mallorca,Escorca,,
Alytes muletensis,3723343913,2426609,2426609,230987574@OBS,human_observation,PRESENT,Animalia,Chordata,Amphibia,Anura,Alytidae,Alytes,muletensis,,1,44,131,952,6726,2426608,2426609,SPECIES,ACCEPTED,EN,"[39.84, 2.82]",Europe,,,Spain,ES,,,,Spain - Mallorca - Torrent de Pareis,"[""Europe"", null, null, ""Spain"", ""ES"", null, null, null, ""Spain - Mallorca - Torrent de Pareis""]",WGS84,,2021.0,12.0,20.0,Larva,User 166741,,,GBIF,database,Europe,Spain,Islas Baleares,Mallorca,Escorca,,
Alytes muletensis,3825492372,2426609,2426609,231230039@OBS,human_observation,PRESENT,Animalia,Chordata,Amphibia,Anura,Alytidae,Alytes,muletensis,,1,44,131,952,6726,2426608,2426609,SPECIES,ACCEPTED,EN,"[39.84, 2.82]",Europe,,,Spain,ES,,,,Spain - Mallorca - Torrent de Pareis,"[""Europe"", null, null, ""Spain"", ""ES"", null, null, null, ""Spain - Mallorca - Torrent de Pareis""]",WGS84,,2021.0,12.0,20.0,Adult,User 82662,,,GBIF,database,Europe,Spain,Islas Baleares,Mallorca,Escorca,,
Alytes muletensis,3826234418,2426609,2426609,231230040@OBS,human_observation,PRESENT,Animalia,Chordata,Amphibia,Anura,Alytidae,Alytes,muletensis,,1,44,131,952,6726,2426608,2426609,SPECIES,ACCEPTED,EN,"[39.84, 2.82]",Europe,,,Spain,ES,,,,Spain - Mallorca - Torrent de Pareis,"[""Europe"", null, null, ""Spain"", ""ES"", null, null, null, ""Spain - Mallorca - Torrent de Pareis""]",WGS84,,2021.0,12.0,20.0,Larva,User 82662,,,GBIF,database,Europe,Spain,Islas Baleares,Mallorca,Escorca,,
Alytes muletensis,3723140307,2426609,2426609,231255064@OBS,human_observation,PRESENT,Animalia,Chordata,Amphibia,Anura,Alytidae,Alytes,muletensis,,1,44,131,952,6726,2426608,2426609,SPECIES,ACCEPTED,EN,"[39.84, 2.82]",Europe,,,Spain,ES,,,,Spain - Mallorca - Torrent de Pareis,"[""Europe"", null, null, ""Spain"", ""ES"", null, null, null, ""Spain - Mallorca - Torrent de Pareis""]",WGS84,,2021.0,12.0,20.0,Adult,User 111705,,,GBIF,database,Europe,Spain,Islas Baleares,Mallorca,Escorca,,
Alytes muletensis,3723389319,2426609,2426609,231255066@OBS,human_observation,PRESENT,Animalia,Chordata,Amphibia,Anura,Alytidae,Alytes,muletensis,,1,44,131,952,6726,2426608,2426609,SPECIES,ACCEPTED,EN,"[39.84, 2.82]",Europe,,,Spain,ES,,,,Spain - Mallorca - Torrent de Pareis,"[""Europe"", null, null, ""Spain"", ""ES"", null, null, null, ""Spain - Mallorca - Torrent de Pareis""]",WGS84,,2021.0,12.0,20.0,Larva,User 111705,,,GBIF,database,Europe,Spain,Islas Baleares,Mallorca,Escorca,,
Alytes muletensis,2834269544,2426609,2426609,175673811@OBS,human_observation,PRESENT,Animalia,Chordata,Amphibia,Anura,Alytidae,Alytes,muletensis,,1,44,131,952,6726,2426608,2426609,SPECIES,ACCEPTED,EN,"[39.82, 2.84]",Europe,,,Spain,ES,,,,Spain - Mallorca - Escorca,"[""Europe"", null, null, ""Spain"", ""ES"", null, null, null, ""Spain - Mallorca - Escorca""]",WGS84,,2019.0,6.0,29.0,Larva,User 14880,,,GBIF,database,Europe,Spain,Islas Baleares,Mallorca,Escorca,,
Alytes muletensis,4459467502,2426609,2426609,291474058@OBS,human_observation,PRESENT,Animalia,Chordata,Amphibia,Anura,Alytidae,Alytes,muletensis,,1,44,131,952,6726,2426608,2426609,SPECIES,ACCEPTED,EN,"[39.687454, 2.514772]",Europe,,,Spain,ES,,,,Spain - Mallorca - Banyalbufar,"[""Europe"", null, null, ""Spain"", ""ES"", null, null, null, ""Spain - Mallorca - Banyalbufar""]",WGS84,,2019.0,6.0,22.0,Unknown,User 875425,,,GBIF,database,Europe,Spain,Islas Baleares,Mallorca,Banyalbufar,Banyalbufar,
Alytes muletensis,4460089475,2426609,2426609,291474061@OBS,human_observation,PRESENT,Animalia,Chordata,Amphibia,Anura,Alytidae,Alytes,muletensis,,1,44,131,952,6726,2426608,2426609,SPECIES,ACCEPTED,EN,"[39.687454, 2.514772]",Europe,,,Spain,ES,,,,Spain - Mallorca - Banyalbufar,"[""Europe"", null, null, ""Spain"", ""ES"", null, null, null, ""Spain - Mallorca - Banyalbufar""]",WGS84,,2019.0,6.0,22.0,Unknown,User 875425,,,GBIF,database,Europe,Spain,Islas Baleares,Mallorca,Banyalbufar,Banyalbufar,
Alytes muletensis,4460369236,2426609,2426609,291474063@OBS,human_observation,PRESENT,Animalia,Chordata,Amphibia,Anura,Alytidae,Alytes,muletensis,,1,44,131,952,6726,2426608,2426609,SPECIES,ACCEPTED,EN,"[39.687454, 2.514772]",Europe,,,Spain,ES,,,,Spain - Mallorca - Banyalbufar,"[""Europe"", null, null, ""Spain"", ""ES"", null, null, null, ""Spain - Mallorca - Banyalbufar""]",WGS84,,2019.0,6.0,22.0,Unknown,User 875425,,,GBIF,database,Europe,Spain,Islas Baleares,Mallorca,Banyalbufar,Banyalbufar,
Alytes muletensis,4460688469,2426609,2426609,291474065@OBS,human_observation,PRESENT,Animalia,Chordata,Amphibia,Anura,Alytidae,Alytes,muletensis,,1,44,131,952,6726,2426608,2426609,SPECIES,ACCEPTED,EN,"[39.687454, 2.514772]",Europe,,,Spain,ES,,,,Spain - Mallorca - Banyalbufar,"[""Europe"", null, null, ""Spain"", ""ES"", null, null, null, ""Spain - Mallorca - Banyalbufar""]",WGS84,,2019.0,6.0,22.0,Unknown,User 875425,,,GBIF,database,Europe,Spain,Islas Baleares,Mallorca,Banyalbufar,Banyalbufar,
Alytes muletensis,4461900458,2426609,2426609,291474066@OBS,human_observation,PRESENT,Animalia,Chordata,Amphibia,Anura,Alytidae,Alytes,muletensis,,1,44,131,952,6726,2426608,2426609,SPECIES,ACCEPTED,EN,"[39.687454, 2.514772]",Europe,,,Spain,ES,,,,Spain - Mallorca - Banyalbufar,"[""Europe"", null, null, ""Spain"", ""ES"", null, null, null, ""Spain - Mallorca - Banyalbufar""]",WGS84,,2019.0,6.0,22.0,Unknown,User 875425,,,GBIF,database,Europe,Spain,Islas Baleares,Mallorca,Banyalbufar,Banyalbufar,
Alytes muletensis,4462374599,2426609,2426609,291474067@OBS,human_observation,PRESENT,Animalia,Chordata,Amphibia,Anura,Alytidae,Alytes,muletensis,,1,44,131,952,6726,2426608,2426609,SPECIES,ACCEPTED,EN,"[39.687454, 2.514772]",Europe,,,Spain,ES,,,,Spain - Mallorca - Banyalbufar,"[""Europe"", null, null, ""Spain"", ""ES"", null, null, null, ""Spain - Mallorca - Banyalbufar""]",WGS84,,2019.0,6.0,22.0,Unknown,User 875425,,,GBIF,database,Europe,Spain,Islas Baleares,Mallorca,Banyalbufar,Banyalbufar,
Alytes muletensis,4461146513,2426609,2426609,291474069@OBS,human_observation,PRESENT,Animalia,Chordata,Amphibia,Anura,Alytidae,Alytes,muletensis,,1,44,131,952,6726,2426608,2426609,SPECIES,ACCEPTED,EN,"[39.687454, 2.514772]",Europe,,,Spain,ES,,,,Spain - Mallorca - Banyalbufar,"[""Europe"", null, null, ""Spain"", ""ES"", null, null, null, ""Spain - Mallorca - Banyalbufar""]",WGS84,,2019.0,6.0,22.0,Unknown,User 875425,,,GBIF,database,Europe,Spain,Islas Baleares,Mallorca,Banyalbufar,Banyalbufar,
Alytes muletensis,4461890954,2426609,2426609,291474071@OBS,human_observation,PRESENT,Animalia,Chordata,Amphibia,Anura,Alytidae,Alytes,muletensis,,1,44,131,952,6726,2426608,2426609,SPECIES,ACCEPTED,EN,"[39.687454, 2.514772]",Europe,,,Spain,ES,,,,Spain - Mallorca - Banyalbufar,"[""Europe"", null, null, ""Spain"", ""ES"", null, null, null, ""Spain - Mallorca - Banyalbufar""]",WGS84,,2019.0,6.0,22.0,Unknown,User 875425,,,GBIF,database,Europe,Spain,Islas Baleares,Mallorca,Banyalbufar,Banyalbufar,
Alytes muletensis,4460202075,2426609,2426609,291474073@OBS,human_observation,PRESENT,Animalia,Chordata,Amphibia,Anura,Alytidae,Alytes,muletensis,,1,44,131,952,6726,2426608,2426609,SPECIES,ACCEPTED,EN,"[39.687454, 2.514772]",Europe,,,Spain,ES,,,,Spain - Mallorca - Banyalbufar,"[""Europe"", null, null, ""Spain"", ""ES"", null, null, null, ""Spain - Mallorca - Banyalbufar""]",WGS84,,2019.0,6.0,22.0,Unknown,User 875425,,,GBIF,database,Europe,Spain,Islas Baleares,Mallorca,Banyalbufar,Banyalbufar,
Alytes muletensis,2834558464,2426609,2426609,175673781@OBS,human_observation,PRESENT,Animalia,Chordata,Amphibia,Anura,Alytidae,Alytes,muletensis,,1,44,131,952,6726,2426608,2426609,SPECIES,ACCEPTED,EN,"[39.840607, 2.826469]",Europe,,,Spain,ES,,,,Spain - Mallorca - Torrent de Pareis,"[""Europe"", null, null, ""Spain"", ""ES"", null, null, null, ""Spain - Mallorca - Torrent de Pareis""]",WGS84,25.0,2019.0,7.0,1.0,Larva,User 14880,,,GBIF,database,Europe,Spain,Islas Baleares,Mallorca,Escorca,,
Alytes muletensis,2842627652,2426609,2426609,175673783@OBS,human_observation,PRESENT,Animalia,Chordata,Amphibia,Anura,Alytidae,Alytes,muletensis,,1,44,131,952,6726,2426608,2426609,SPECIES,ACCEPTED,EN,"[39.839008, 2.829068]",Europe,,,Spain,ES,,,,Spain - Mallorca - Torrent de Pareis,"[""Europe"", null, null, ""Spain"", ""ES"", null, null, null, ""Spain - Mallorca - Torrent de Pareis""]",WGS84,25.0,2019.0,7.0,1.0,Adult,User 14880,,,GBIF,database,Europe,Spain,Islas Baleares,Mallorca,Escorca,,
Alytes muletensis,2841646487,2426609,2426609,175673784@OBS,human_observation,PRESENT,Animalia,Chordata,Amphibia,Anura,Alytidae,Alytes,muletensis,,1,44,131,952,6726,2426608,2426609,SPECIES,ACCEPTED,EN,"[39.839046, 2.829063]",Europe,,,Spain,ES,,,,Spain - Mallorca - Torrent de Pareis,"[""Europe"", null, null, ""Spain"", ""ES"", null, null, null, ""Spain - Mallorca - Torrent de Pareis""]",WGS84,25.0,2019.0,7.0,1.0,Larva,User 14880,,,GBIF,database,Europe,Spain,Islas Baleares,Mallorca,Escorca,,
Alytes muletensis,2834390550,2426609,2426609,175673786@OBS,human_observation,PRESENT,Animalia,Chordata,Amphibia,Anura,Alytidae,Alytes,muletensis,,1,44,131,952,6726,2426608,2426609,SPECIES,ACCEPTED,EN,"[39.838997, 2.829493]",Europe,,,Spain,ES,,,,Spain - Mallorca - Torrent de Pareis,"[""Europe"", null, null, ""Spain"", ""ES"", null, null, null, ""Spain - Mallorca - Torrent de Pareis""]",WGS84,25.0,2019.0,7.0,1.0,Larva,User 14880,,,GBIF,database,Europe,Spain,Islas Baleares,Mallorca,Escorca,,
Alytes muletensis,2845033787,2426609,2426609,175673787@OBS,human_observation,PRESENT,Animalia,Chordata,Amphibia,Anura,Alytidae,Alytes,muletensis,,1,44,131,952,6726,2426608,2426609,SPECIES,ACCEPTED,EN,"[39.838612, 2.829918]",Europe,,,Spain,ES,,,,Spain - Mallorca - Torrent de Pareis,"[""Europe"", null, null, ""Spain"", ""ES"", null, null, null, ""Spain - Mallorca - Torrent de Pareis""]",WGS84,25.0,2019.0,7.0,1.0,Larva,User 14880,,,GBIF,database,Europe,Spain,Islas Baleares,Mallorca,Escorca,,
Alytes muletensis,2841801441,2426609,2426609,175673789@OBS,human_observation,PRESENT,Animalia,Chordata,Amphibia,Anura,Alytidae,Alytes,muletensis,,1,44,131,952,6726,2426608,2426609,SPECIES,ACCEPTED,EN,"[39.838863, 2.831315]",Europe,,,Spain,ES,,,,Spain - Mallorca - Torrent de Pareis,"[""Europe"", null, null, ""Spain"", ""ES"", null, null, null, ""Spain - Mallorca - Torrent de Pareis""]",WGS84,25.0,2019.0,7.0,1.0,Larva,User 14880,,,GBIF,database,Europe,Spain,Islas Baleares,Mallorca,Escorca,,
Alytes muletensis,2834229355,2426609,2426609,175673791@OBS,human_observation,PRESENT,Animalia,Chordata,Amphibia,Anura,Alytidae,Alytes,muletensis,,1,44,131,952,6726,2426608,2426609,SPECIES,ACCEPTED,EN,"[39.837418, 2.83479]",Europe,,,Spain,ES,,,,Spain - Mallorca - Torrent de Pareis,"[""Europe"", null, null, ""Spain"", ""ES"", null, null, null, ""Spain - Mallorca - Torrent de Pareis""]",WGS84,25.0,2019.0,7.0,1.0,Larva,User 14880,,,GBIF,database,Europe,Spain,Islas Baleares,Mallorca,Escorca,,
Alytes muletensis,2842721335,2426609,2426609,175673792@OBS,human_observation,PRESENT,Animalia,Chordata,Amphibia,Anura,Alytidae,Alytes,muletensis,,1,44,131,952,6726,2426608,2426609,SPECIES,ACCEPTED,EN,"[39.836796, 2.832634]",Europe,,,Spain,ES,,,,Spain - Mallorca - Torrent de Pareis,"[""Europe"", null, null, ""Spain"", ""ES"", null, null, null, ""Spain - Mallorca - Torrent de Pareis""]",WGS84,25.0,2019.0,7.0,1.0,Adult,User 14880,,,GBIF,database,Europe,Spain,Islas Baleares,Mallorca,Escorca,,
Alytes muletensis,2837604498,2426609,2426609,175673794@OBS,human_observation,PRESENT,Animalia,Chordata,Amphibia,Anura,Alytidae,Alytes,muletensis,,1,44,131,952,6726,2426608,2426609,SPECIES,ACCEPTED,EN,"[39.837029, 2.832842]",Europe,,,Spain,ES,,,,Spain - Mallorca - Torrent de Pareis,"[""Europe"", null, null, ""Spain"", ""ES"", null, null, null, ""Spain - Mallorca - Torrent de Pareis""]",WGS84,25.0,2019.0,7.0,1.0,Larva,User 14880,,,GBIF,database,Europe,Spain,Islas Baleares,Mallorca,Escorca,,
Alytes muletensis,2834301472,2426609,2426609,175673795@OBS,human_observation,PRESENT,Animalia,Chordata,Amphibia,Anura,Alytidae,Alytes,muletensis,,1,44,131,952,6726,2426608,2426609,SPECIES,ACCEPTED,EN,"[39.837147, 2.833754]",Europe,,,Spain,ES,,,,Spain - Mallorca - Torrent de Pareis,"[""Europe"", null, null, ""Spain"", ""ES"", null, null, null, ""Spain - Mallorca - Torrent de Pareis""]",WGS84,25.0,2019.0,7.0,1.0,Adult,User 14880,,,GBIF,database,Europe,Spain,Islas Baleares,Mallorca,Escorca,,
Alytes muletensis,1847554816,2426609,2426609,12605867,human_observation,PRESENT,Animalia,Chordata,Amphibia,Anura,Alytidae,Alytes,muletensis,,1,44,131,952,6726,2426608,2426609,SPECIES,ACCEPTED,EN,"[39.912399, 3.000117]",Europe,,,Spain,ES,Islas Baleares,,,,"[""Europe"", null, null, ""Spain"", ""ES"", ""Islas Baleares"", null, null, null]",WGS84,28030.0,2018.0,5.0,18.0,,Joshua Borràs,,,GBIF,database,Europe,Spain,Islas Baleares,Mallorca,Pollença,,
Alytes muletensis,2843592146,2426609,2426609,159643604@OBS,human_observation,PRESENT,Animalia,Chordata,Amphibia,Anura,Alytidae,Alytes,muletensis,,1,44,131,952,6726,2426608,2426609,SPECIES,ACCEPTED,EN,"[39.83, 2.83]",Europe,,,Spain,ES,,,,Spain - Mallorca - Torrent de Pareis,"[""Europe"", null, null, ""Spain"", ""ES"", null, null, null, ""Spain - Mallorca - Torrent de Pareis""]",WGS84,1000.0,2018.0,7.0,7.0,Unknown,User 96863,,,GBIF,database,Europe,Spain,Islas Baleares,Mallorca,Escorca,,
Alytes muletensis,3010755123,2426609,2426609,2A74E340-A809-41C8-A289-3BE5A191BD29,occurrence,PRESENT,Animalia,Chordata,Amphibia,Anura,Alytidae,Alytes,muletensis,,1,44,131,952,6726,2426608,2426609,SPECIES,ACCEPTED,EN,"[39.67, 2.52]",Europe,,,Spain,ES,,,,"Spanien, Mallorca","[""Europe"", null, null, ""Spain"", ""ES"", null, null, null, ""Spanien, Mallorca""]",WGS84,1000.0,2018.0,8.0,31.0,,ContactID: 158090,,,GBIF,database,Europe,Spain,Islas Baleares,Mallorca,Banyalbufar,,
Alytes muletensis,3011139752,2426609,2426609,9D1C659F-3264-45CB-AF20-952F35805D73,occurrence,PRESENT,Animalia,Chordata,Amphibia,Anura,Alytidae,Alytes,muletensis,,1,44,131,952,6726,2426608,2426609,SPECIES,ACCEPTED,EN,"[39.67, 2.52]",Europe,,,Spain,ES,,,,"Spanien, Mallorca","[""Europe"", null, null, ""Spain"", ""ES"", null, null, null, ""Spanien, Mallorca""]",WGS84,1000.0,2018.0,9.0,4.0,,ContactID: 158090,,,GBIF,database,Europe,Spain,Islas Baleares,Mallorca,Banyalbufar,,
Alytes muletensis,2573843445,2426609,2426609,38433555,human_observation,PRESENT,Animalia,Chordata,Amphibia,Anura,Alytidae,Alytes,muletensis,,1,44,131,952,6726,2426608,2426609,SPECIES,ACCEPTED,EN,"[39.757526, 2.471457]",,,,Spain,ES,Islas Baleares,,,,"[null, null, null, ""Spain"", ""ES"", ""Islas Baleares"", null, null, null]",WGS84,28060.0,2017.0,5.0,28.0,Egg,Gert Jan Verspui,,,GBIF,database,Europe,Spain,Islas Baleares,,,,Balearic Sea
Alytes muletensis,4460830267,2426609,2426609,291467534@OBS,human_observation,PRESENT,Animalia,Chordata,Amphibia,Anura,Alytidae,Alytes,muletensis,,1,44,131,952,6726,2426608,2426609,SPECIES,ACCEPTED,EN,"[39.653469, 2.481126]",Europe,,,Spain,ES,,,,Spain - Mallorca - Estellencs,"[""Europe"", null, null, ""Spain"", ""ES"", null, null, null, ""Spain - Mallorca - Estellencs""]",WGS84,,2015.0,5.0,30.0,Unknown,User 875425,,,GBIF,database,Europe,Spain,Islas Baleares,Mallorca,Estellencs,Estellencs,
Alytes muletensis,4461719642,2426609,2426609,291467536@OBS,human_observation,PRESENT,Animalia,Chordata,Amphibia,Anura,Alytidae,Alytes,muletensis,,1,44,131,952,6726,2426608,2426609,SPECIES,ACCEPTED,EN,"[39.653469, 2.481126]",Europe,,,Spain,ES,,,,Spain - Mallorca - Estellencs,"[""Europe"", null, null, ""Spain"", ""ES"", null, null, null, ""Spain - Mallorca - Estellencs""]",WGS84,,2015.0,5.0,30.0,Unknown,User 875425,,,GBIF,database,Europe,Spain,Islas Baleares,Mallorca,Estellencs,Estellencs,
Alytes muletensis,2835832592,2426609,2426609,84246143@OBS,human_observation,PRESENT,Animalia,Chordata,Amphibia,Anura,Alytidae,Alytes,muletensis,,1,44,131,952,6726,2426608,2426609,SPECIES,ACCEPTED,EN,"[39.75, 2.62]",Europe,,,Spain,ES,,,,Spain - Mallorca,"[""Europe"", null, null, ""Spain"", ""ES"", null, null, null, ""Spain - Mallorca""]",WGS84,1000.0,2014.0,5.0,3.0,Adult,User 58370,,,GBIF,database,Europe,Spain,Islas Baleares,,,,Balearic Sea
Alytes muletensis,2838933618,2426609,2426609,84246738@OBS,human_observation,PRESENT,Animalia,Chordata,Amphibia,Anura,Alytidae,Alytes,muletensis,,1,44,131,952,6726,2426608,2426609,SPECIES,ACCEPTED,EN,"[39.78, 2.78]",Europe,,,Spain,ES,,,,Spain - Mallorca,"[""Europe"", null, null, ""Spain"", ""ES"", null, null, null, ""Spain - Mallorca""]",WGS84,1000.0,2014.0,5.0,1.0,Adult,User 58370,,,GBIF,database,Europe,Spain,Islas Baleares,Mallorca,Escorca,,
Alytes muletensis,2841889544,2426609,2426609,84246792@OBS,human_observation,PRESENT,Animalia,Chordata,Amphibia,Anura,Alytidae,Alytes,muletensis,,1,44,131,952,6726,2426608,2426609,SPECIES,ACCEPTED,EN,"[39.81, 2.89]",Europe,,,Spain,ES,,,,Spain - Mallorca,"[""Europe"", null, null, ""Spain"", ""ES"", null, null, null, ""Spain - Mallorca""]",WGS84,1000.0,2014.0,5.0,2.0,Adult,User 58370,,,GBIF,database,Europe,Spain,Islas Baleares,Mallorca,Escorca,,
Alytes muletensis,2626517312,2426609,2426609,46276584,human_observation,PRESENT,Animalia,Chordata,Amphibia,Anura,Alytidae,Alytes,muletensis,,1,44,131,952,6726,2426608,2426609,SPECIES,ACCEPTED,EN,"[39.836575, 2.882366]",Europe,,,Spain,ES,Islas Baleares,,,,"[""Europe"", null, null, ""Spain"", ""ES"", ""Islas Baleares"", null, null, null]",WGS84,28030.0,2013.0,5.0,13.0,Adult,penterd,,,GBIF,database,Europe,Spain,Islas Baleares,Mallorca,Escorca,,
Alytes muletensis,3447394596,2426609,2426609,,human_observation,PRESENT,Animalia,Chordata,Amphibia,Anura,Alytidae,Alytes,muletensis,,1,44,131,952,6726,2426608,2426609,SPECIES,ACCEPTED,EN,"[39.862442, 2.853854]",Europe,,,Spain,ES,,,,Sa Calobra,"[""Europe"", null, null, ""Spain"", ""ES"", null, null, null, ""Sa Calobra""]",WGS84,250.0,2013.0,8.0,23.0,,874251893,,,GBIF,database,Europe,Spain,Islas Baleares,Mallorca,Escorca,,
Alytes muletensis,1638351683,2426609,2426609,IMEDEA:IMEDEA-PALEOVERT:103283,fossil_specimen,PRESENT,Animalia,Chordata,Amphibia,Anura,Alytidae,Alytes,muletensis,,1,44,131,952,6726,2426608,2426609,SPECIES,ACCEPTED,EN,"[39.566, 2.595]",Europe,,,Spain,ES,Mallorca,,Palma,Na Burguesa-1,"[""Europe"", null, null, ""Spain"", ""ES"", ""Mallorca"", null, ""Palma"", ""Na Burguesa-1""]",WGS84,200.0,2012.0,,,,,,,GBIF,database,Europe,Spain,Islas Baleares,Mallorca,Palma,,
Alytes muletensis,1638351907,2426609,2426609,IMEDEA:IMEDEA-PALEOVERT:103543,fossil_specimen,PRESENT,Animalia,Chordata,Amphibia,Anura,Alytidae,Alytes,muletensis,,1,44,131,952,6726,2426608,2426609,SPECIES,ACCEPTED,EN,"[39.566, 2.595]",Europe,,,Spain,ES,Mallorca,,Palma,Na Burguesa-1,"[""Europe"", null, null, ""Spain"", ""ES"", ""Mallorca"", null, ""Palma"", ""Na Burguesa-1""]",WGS84,200.0,2012.0,,,,,,,GBIF,database,Europe,Spain,Islas Baleares,Mallorca,Palma,,
Alytes muletensis,1638351940,2426609,2426609,IMEDEA:IMEDEA-PALEOVERT:103549,fossil_specimen,PRESENT,Animalia,Chordata,Amphibia,Anura,Alytidae,Alytes,muletensis,,1,44,131,952,6726,2426608,2426609,SPECIES,ACCEPTED,EN,"[39.566, 2.595]",Europe,,,Spain,ES,Mallorca,,Palma,Na Burguesa-1,"[""Europe"", null, null, ""Spain"", ""ES"", ""Mallorca"", null, ""Palma"", ""Na Burguesa-1""]",WGS84,200.0,2012.0,,,,,,,GBIF,database,Europe,Spain,Islas Baleares,Mallorca,Palma,,
Alytes muletensis,1638351910,2426609,2426609,IMEDEA:IMEDEA-PALEOVERT:103552,fossil_specimen,PRESENT,Animalia,Chordata,Amphibia,Anura,Alytidae,Alytes,muletensis,,1,44,131,952,6726,2426608,2426609,SPECIES,ACCEPTED,EN,"[39.566, 2.595]",Europe,,,Spain,ES,Mallorca,,Palma,Na Burguesa-1,"[""Europe"", null, null, ""Spain"", ""ES"", ""Mallorca"", null, ""Palma"", ""Na Burguesa-1""]",WGS84,200.0,2012.0,,,,,,,GBIF,database,Europe,Spain,Islas Baleares,Mallorca,Palma,,
Alytes muletensis,3465939320,2426609,2426609,22412295,human_observation,PRESENT,Animalia,Chordata,Amphibia,Anura,Alytidae,Alytes,muletensis,,1,44,131,952,6726,2426608,2426609,SPECIES,ACCEPTED,EN,"[39.884302, 2.94805]",Europe,,,Spain,ES,Islas Baleares,,,,"[""Europe"", null, null, ""Spain"", ""ES"", ""Islas Baleares"", null, null, null]",WGS84,28030.0,2010.0,6.0,5.0,Larva,Albert Fernandez Chacon,,,GBIF,database,Europe,Spain,Islas Baleares,Mallorca,Pollença,,
Alytes muletensis,2835128193,2426609,2426609,41239666@OBS,human_observation,PRESENT,Animalia,Chordata,Amphibia,Anura,Alytidae,Alytes,muletensis,,1,44,131,952,6726,2426608,2426609,SPECIES,ACCEPTED,EN,"[39.84, 2.82]",Europe,,,Spain,ES,,,,Spain - Mallorca,"[""Europe"", null, null, ""Spain"", ""ES"", null, null, null, ""Spain - Mallorca""]",WGS84,,2008.0,7.0,13.0,Adult,User 44031,,,GBIF,database,Europe,Spain,Islas Baleares,Mallorca,Escorca,,
Alytes muletensis,2840207198,2426609,2426609,41239677@OBS,human_observation,PRESENT,Animalia,Chordata,Amphibia,Anura,Alytidae,Alytes,muletensis,,1,44,131,952,6726,2426608,2426609,SPECIES,ACCEPTED,EN,"[39.84, 2.82]",Europe,,,Spain,ES,,,,Spain - Mallorca,"[""Europe"", null, null, ""Spain"", ""ES"", null, null, null, ""Spain - Mallorca""]",WGS84,,2008.0,7.0,13.0,Subadult,User 44031,,,GBIF,database,Europe,Spain,Islas Baleares,Mallorca,Escorca,,
Alytes muletensis,2839332134,2426609,2426609,41239682@OBS,human_observation,PRESENT,Animalia,Chordata,Amphibia,Anura,Alytidae,Alytes,muletensis,,1,44,131,952,6726,2426608,2426609,SPECIES,ACCEPTED,EN,"[39.84, 2.82]",Europe,,,Spain,ES,,,,Spain - Mallorca,"[""Europe"", null, null, ""Spain"", ""ES"", null, null, null, ""Spain - Mallorca""]",WGS84,,2008.0,7.0,13.0,Larva,User 44031,,,GBIF,database,Europe,Spain,Islas Baleares,Mallorca,Escorca,,
Alytes muletensis,164867286,2426609,2426609,,human_observation,PRESENT,Animalia,Chordata,Amphibia,Anura,Alytidae,Alytes,muletensis,,1,44,131,952,6726,2426608,2426609,SPECIES,ACCEPTED,EN,"[39.889999, 2.82]",Europe,,,Spain,ES,,,,,"[""Europe"", null, null, ""Spain"", ""ES"", null, null, null, null]",WGS84,,2006.0,,,,,,,GBIF,database,Europe,Spain,Islas Baleares,,,,Balearic Sea
Alytes muletensis,164867287,2426609,2426609,,human_observation,PRESENT,Animalia,Chordata,Amphibia,Anura,Alytidae,Alytes,muletensis,,1,44,131,952,6726,2426608,2426609,SPECIES,ACCEPTED,EN,"[39.889999, 2.94]",Europe,,,Spain,ES,,,,,"[""Europe"", null, null, ""Spain"", ""ES"", null, null, null, null]",WGS84,,2006.0,,,,,,,GBIF,database,Europe,Spain,Islas Baleares,Mallorca,Pollença,,
Alytes muletensis,164867288,2426609,2426609,,human_observation,PRESENT,Animalia,Chordata,Amphibia,Anura,Alytidae,Alytes,muletensis,,1,44,131,952,6726,2426608,2426609,SPECIES,ACCEPTED,EN,"[39.889999, 3.06]",Europe,,,Spain,ES,,,,,"[""Europe"", null, null, ""Spain"", ""ES"", null, null, null, null]",WGS84,,2006.0,,,,,,,GBIF,database,Europe,Spain,Islas Baleares,Mallorca,Pollença,,
Alytes muletensis,164867289,2426609,2426609,,human_observation,PRESENT,Animalia,Chordata,Amphibia,Anura,Alytidae,Alytes,muletensis,,1,44,131,952,6726,2426608,2426609,SPECIES,ACCEPTED,EN,"[39.610001, 2.48]",Europe,,,Spain,ES,Illes Balears,,,,"[""Europe"", null, null, ""Spain"", ""ES"", ""Illes Balears"", null, null, null]",WGS84,,2006.0,,,,,,,GBIF,database,Europe,Spain,Islas Baleares,Mallorca,Calvià,,
Alytes muletensis,164867290,2426609,2426609,,human_observation,PRESENT,Animalia,Chordata,Amphibia,Anura,Alytidae,Alytes,muletensis,,1,44,131,952,6726,2426608,2426609,SPECIES,ACCEPTED,EN,"[39.700001, 2.48]",Europe,,,Spain,ES,Illes Balears,,,,"[""Europe"", null, null, ""Spain"", ""ES"", ""Illes Balears"", null, null, null]",WGS84,,2006.0,,,,,,,GBIF,database,Europe,Spain,Islas Baleares,,,,Balearic Sea
Alytes muletensis,164867291,2426609,2426609,,human_observation,PRESENT,Animalia,Chordata,Amphibia,Anura,Alytidae,Alytes,muletensis,,1,44,131,952,6726,2426608,2426609,SPECIES,ACCEPTED,EN,"[39.790001, 2.71]",Europe,,,Spain,ES,Illes Balears,,,,"[""Europe"", null, null, ""Spain"", ""ES"", ""Illes Balears"", null, null, null]",WGS84,,2006.0,,,,,,,GBIF,database,Europe,Spain,Islas Baleares,Mallorca,Sóller,,
Alytes muletensis,164867292,2426609,2426609,,human_observation,PRESENT,Animalia,Chordata,Amphibia,Anura,Alytidae,Alytes,muletensis,,1,44,131,952,6726,2426608,2426609,SPECIES,ACCEPTED,EN,"[39.799999, 2.82]",Europe,,,Spain,ES,Illes Balears,,,,"[""Europe"", null, null, ""Spain"", ""ES"", ""Illes Balears"", null, null, null]",WGS84,,2006.0,,,,,,,GBIF,database,Europe,Spain,Islas Baleares,Mallorca,Escorca,,
Alytes muletensis,164867293,2426609,2426609,,human_observation,PRESENT,Animalia,Chordata,Amphibia,Anura,Alytidae,Alytes,muletensis,,1,44,131,952,6726,2426608,2426609,SPECIES,ACCEPTED,EN,"[39.799999, 2.94]",Europe,,,Spain,ES,Illes Balears,,,,"[""Europe"", null, null, ""Spain"", ""ES"", ""Illes Balears"", null, null, null]",WGS84,,2006.0,,,,,,,GBIF,database,Europe,Spain,Islas Baleares,Mallorca,Campanet,,
Alytes muletensis,2423262202,2426609,2426609,9740830,human_observation,PRESENT,Animalia,Chordata,Amphibia,Anura,Alytidae,Alytes,muletensis,,1,44,131,952,6726,2426608,2426609,SPECIES,ACCEPTED,EN,"[39.981203, 2.856183]",,,,Spain,ES,Islas Baleares,,,,"[null, null, null, ""Spain"", ""ES"", ""Islas Baleares"", null, null, null]",WGS84,28030.0,1991.0,7.0,25.0,,Simon Tonge,,,GBIF,database,Europe,Spain,Islas Baleares,,,,Balearic Sea
Alytes muletensis,1830939210,2426609,2426609,http://id.smns-bw.org/smns/collection/28798/472194/413851,preserved_specimen,PRESENT,Animalia,Chordata,Amphibia,Anura,Alytidae,Alytes,muletensis,,1,44,131,952,6726,2426608,2426609,SPECIES,ACCEPTED,EN,"[39.83333, 2.83333]",Europe,,,Spain,ES,,,,"Torrente de Es Guix, zwischen Binibona und Es Guix","[""Europe"", null, null, ""Spain"", ""ES"", null, null, null, ""Torrente de Es Guix, zwischen Binibona und Es Guix""]",WGS84,,1986.0,5.0,18.0,,"König, Claus",,,GBIF,database,Europe,Spain,Islas Baleares,Mallorca,Escorca,,
Alytes muletensis,621071339,2426609,2426609,urn:catalog:SMNS:Herpetologie:6485,preserved_specimen,PRESENT,Animalia,Chordata,Amphibia,Anura,Alytidae,Alytes,muletensis,,1,44,131,952,6726,2426608,2426609,SPECIES,ACCEPTED,EN,"[39.83333, 2.83333]",Europe,Balearen,Mallorca,Spain,ES,,Illes Baleares,,"Illes Baleares , Mallorca , Torrente de Es Guix, zwischen Binibona und Es Guix","[""Europe"", ""Balearen"", ""Mallorca"", ""Spain"", ""ES"", null, ""Illes Baleares"", null, ""Illes Baleares , Mallorca , Torrente de Es Guix, zwischen Binibona und Es Guix""]",WGS84,12337.0,1986.0,,,,"König, Claus",,,GBIF,database,Europe,Spain,Islas Baleares,Mallorca,Escorca,,
Alytes muletensis,2423262201,2426609,2426609,9740822,human_observation,PRESENT,Animalia,Chordata,Amphibia,Anura,Alytidae,Alytes,muletensis,,1,44,131,952,6726,2426608,2426609,SPECIES,ACCEPTED,EN,"[39.847816, 2.936038]",Europe,,,Spain,ES,Islas Baleares,,,,"[""Europe"", null, null, ""Spain"", ""ES"", ""Islas Baleares"", null, null, null]",WGS84,28030.0,1985.0,4.0,17.0,Adult,Simon Tonge,,,GBIF,database,Europe,Spain,Islas Baleares,Mallorca,Escorca,,
Alytes muletensis,1262924441,2426609,2426609,MB04-000332,preserved_specimen,PRESENT,Animalia,Chordata,Amphibia,Anura,Alytidae,Alytes,muletensis,,1,44,131,952,6726,2426608,2426609,SPECIES,ACCEPTED,EN,"[39.610609, 3.005249]",Europe,,,Spain,ES,Comunidade Autónoma das Ilhas Baleares,,,Baleares,"[""Europe"", null, null, ""Spain"", ""ES"", ""Comunidade Aut\u00f3noma das Ilhas Baleares"", null, null, ""Baleares""]",WGS84,52528.0,1982.0,5.0,18.0,,Alcover,,,GBIF,database,Europe,Spain,Islas Baleares,Mallorca,Lloret de Vistalegre,,
Alytes muletensis,1262924435,2426609,2426609,MB04-000331,preserved_specimen,PRESENT,Animalia,Chordata,Amphibia,Anura,Alytidae,Alytes,muletensis,,1,44,131,952,6726,2426608,2426609,SPECIES,ACCEPTED,EN,"[39.610609, 3.005249]",Europe,,,Spain,ES,Comunidade Autónoma das Ilhas Baleares,,,Baleares,"[""Europe"", null, null, ""Spain"", ""ES"", ""Comunidade Aut\u00f3noma das Ilhas Baleares"", null, null, ""Baleares""]",WGS84,52528.0,1982.0,8.0,,,Alcover,,,GBIF,database,Europe,Spain,Islas Baleares,Mallorca,Lloret de Vistalegre,,
Alytes muletensis,920326799,2426609,2426609,,human_observation,PRESENT,Animalia,Chordata,Amphibia,Anura,Alytidae,Alytes,muletensis,,1,44,131,952,6726,2426608,2426609,SPECIES,ACCEPTED,EN,"[39.91711, 3.035574]",Europe,,,Spain,ES,,,,Cala Sant Vicenc,"[""Europe"", null, null, ""Spain"", ""ES"", null, null, null, ""Cala Sant Vicenc""]",WGS84,25.0,1971.0,5.0,4.0,,33304576,,,GBIF,database,Europe,Spain,Islas Baleares,Mallorca,Pollença,,
Alytes muletensis,920300697,2426609,2426609,,human_observation,PRESENT,Animalia,Chordata,Amphibia,Anura,Alytidae,Alytes,muletensis,,1,44,131,952,6726,2426608,2426609,SPECIES,ACCEPTED,EN,"[39.918163, 3.038406]",Europe,,,Spain,ES,,,,Cala Sant Vicenc,"[""Europe"", null, null, ""Spain"", ""ES"", null, null, null, ""Cala Sant Vicenc""]",WGS84,25.0,1971.0,5.0,3.0,,33304576,,,GBIF,database,Europe,Spain,Islas Baleares,Mallorca,Pollença,,
Alytes muletensis,998036582,2426609,2426609,2293,human_observation,PRESENT,Animalia,Chordata,Amphibia,Anura,Alytidae,Alytes,muletensis,,1,44,131,952,6726,2426608,2426609,SPECIES,ACCEPTED,EN,"[39.61, 2.48]",Europe,,,Spain,ES,,,,,"[""Europe"", null, null, ""Spain"", ""ES"", null, null, null, null]",WGS84,7071.0,,,,,,,,GBIF,database,Europe,Spain,Islas Baleares,Mallorca,Calvià,,
Alytes muletensis,998036590,2426609,2426609,2294,human_observation,PRESENT,Animalia,Chordata,Amphibia,Anura,Alytidae,Alytes,muletensis,,1,44,131,952,6726,2426608,2426609,SPECIES,ACCEPTED,EN,"[39.7, 2.48]",Europe,,,Spain,ES,,,,,"[""Europe"", null, null, ""Spain"", ""ES"", null, null, null, null]",WGS84,7071.0,,,,,,,,GBIF,database,Europe,Spain,Islas Baleares,,,,Balearic Sea
Alytes muletensis,998036565,2426609,2426609,2295,human_observation,PRESENT,Animalia,Chordata,Amphibia,Anura,Alytidae,Alytes,muletensis,,1,44,131,952,6726,2426608,2426609,SPECIES,ACCEPTED,EN,"[39.79, 2.71]",Europe,,,Spain,ES,,,,,"[""Europe"", null, null, ""Spain"", ""ES"", null, null, null, null]",WGS84,7071.0,,,,,,,,GBIF,database,Europe,Spain,Islas Baleares,Mallorca,Sóller,,
Alytes muletensis,998036578,2426609,2426609,2296,human_observation,PRESENT,Animalia,Chordata,Amphibia,Anura,Alytidae,Alytes,muletensis,,1,44,131,952,6726,2426608,2426609,SPECIES,ACCEPTED,EN,"[39.8, 2.82]",Europe,,,Spain,ES,,,,,"[""Europe"", null, null, ""Spain"", ""ES"", null, null, null, null]",WGS84,7071.0,,,,,,,,GBIF,database,Europe,Spain,Islas Baleares,Mallorca,Escorca,,
Alytes muletensis,998036600,2426609,2426609,2297,human_observation,PRESENT,Animalia,Chordata,Amphibia,Anura,Alytidae,Alytes,muletensis,,1,44,131,952,6726,2426608,2426609,SPECIES,ACCEPTED,EN,"[39.89, 2.82]",Europe,,,Spain,ES,,,,,"[""Europe"", null, null, ""Spain"", ""ES"", null, null, null, null]",WGS84,7071.0,,,,,,,,GBIF,database,Europe,Spain,Islas Baleares,,,,Balearic Sea
Alytes muletensis,998036592,2426609,2426609,2298,human_observation,PRESENT,Animalia,Chordata,Amphibia,Anura,Alytidae,Alytes,muletensis,,1,44,131,952,6726,2426608,2426609,SPECIES,ACCEPTED,EN,"[39.8, 2.94]",Europe,,,Spain,ES,,,,,"[""Europe"", null, null, ""Spain"", ""ES"", null, null, null, null]",WGS84,7071.0,,,,,,,,GBIF,database,Europe,Spain,Islas Baleares,Mallorca,Campanet,,
Alytes muletensis,998036615,2426609,2426609,2299,human_observation,PRESENT,Animalia,Chordata,Amphibia,Anura,Alytidae,Alytes,muletensis,,1,44,131,952,6726,2426608,2426609,SPECIES,ACCEPTED,EN,"[39.89, 2.94]",Europe,,,Spain,ES,,,,,"[""Europe"", null, null, ""Spain"", ""ES"", null, null, null, null]",WGS84,7071.0,,,,,,,,GBIF,database,Europe,Spain,Islas Baleares,Mallorca,Pollença,,
Alytes muletensis,998036569,2426609,2426609,2300,human_observation,PRESENT,Animalia,Chordata,Amphibia,Anura,Alytidae,Alytes,muletensis,,1,44,131,952,6726,2426608,2426609,SPECIES,ACCEPTED,EN,"[39.89, 3.06]",Europe,,,Spain,ES,,,,,"[""Europe"", null, null, ""Spain"", ""ES"", null, null, null, null]",WGS84,7071.0,,,,,,,,GBIF,database,Europe,Spain,Islas Baleares,Mallorca,Pollença,,
Alytes muletensis,3111112782,2426609,2426609,IMEDEA:IMEDEA-VERT:3838,preserved_specimen,PRESENT,Animalia,Chordata,Amphibia,Anura,Alytidae,Alytes,muletensis,,1,44,131,952,6726,2426608,2426609,SPECIES,ACCEPTED,EN,"[39.6134, 2.8793]",Europe,,,Spain,ES,Mallorca,,-,Mallorca,"[""Europe"", null, null, ""Spain"", ""ES"", ""Mallorca"", null, ""-"", ""Mallorca""]",WGS84,52392.75,,,,,,,,GBIF,database,Europe,Spain,Islas Baleares,Mallorca,Sencelles,,
